row_index	col_index	val
0	0	0.5
0	1	0.528802095526
0	2	0.570655723318
0	3	0.581151996594
0	4	0.621195226703
0	5	0.649112574699
0	6	0.665597711199
0	7	0.66654731856
0	8	0.672560402667
0	9	0.672566137748
0	10	0.68939876526
0	11	0.690361088568
0	12	0.690735049866
0	13	0.699863531134
0	14	0.701926456594
0	15	0.70250413768
0	16	0.716167653441
0	17	0.721991567066
0	18	0.722411581967
0	19	0.738878844863
0	20	0.741815198796
0	21	0.744438736194
0	22	0.745284496602
0	23	0.755792051573
0	24	0.756178607803
0	25	0.758239930446
0	26	0.761278686055
0	27	0.766335773007
0	28	0.774938981861
0	29	0.782304954358
0	30	0.783933602262
0	31	0.785291360178
0	32	0.790518418103
0	33	0.792050489916
0	34	0.797606088211
0	35	0.799143649413
0	36	0.807926572417
0	37	0.811686213967
0	38	0.813955360572
0	39	0.819018384337
0	40	0.831298115618
0	41	0.833117876945
0	42	0.842729675481
0	43	0.851614255693
0	44	0.853565648015
0	45	0.854123126587
0	46	0.861720342008
0	47	0.863555700339
0	48	0.864135621814
0	49	0.866115789218
0	50	0.866679116249
0	51	0.867769903844
0	52	0.868840923986
0	53	0.871057493901
0	54	0.876097631129
0	55	0.877085412946
0	56	0.878311690229
0	57	0.891423123444
0	58	0.908157963459
0	59	0.910280268683
0	60	0.914054188133
0	61	0.91703525459
0	62	0.943339919339
0	63	0.946987252596
1	0	0.471197904474
1	1	0.5
1	2	0.542197117973
1	3	0.552843959852
1	4	0.593701457148
1	5	0.622413422313
1	6	0.639456195249
1	7	0.640439935878
1	8	0.646674250902
1	9	0.646680200891
1	10	0.664179111831
1	11	0.665181623164
1	12	0.665571263472
1	13	0.675093121782
1	14	0.677247786902
1	15	0.677851345113
1	16	0.692150947925
1	17	0.698260029281
1	18	0.698700935489
1	19	0.716021852985
1	20	0.719117528354
1	21	0.721885237991
1	22	0.722777842895
1	23	0.733882324983
1	24	0.734291369516
1	25	0.736473246267
1	26	0.739691668156
1	27	0.745052909406
1	28	0.754188373104
1	29	0.762024930935
1	30	0.763759483424
1	31	0.765206045646
1	32	0.77077934989
1	33	0.772414224393
1	34	0.77834761875
1	35	0.779991127698
1	36	0.789390825137
1	37	0.793420516013
1	38	0.795854404932
1	39	0.801289770243
1	40	0.814499955153
1	41	0.816460908729
1	42	0.826832676739
1	43	0.8364410189
1	44	0.838554124368
1	45	0.839157982343
1	46	0.847395327824
1	47	0.849387587216
1	48	0.850017266934
1	49	0.852168002012
1	50	0.852780039609
1	51	0.853965383669
1	52	0.855129549455
1	53	0.857539845553
1	54	0.863025275924
1	55	0.86410110824
1	56	0.865437051061
1	57	0.879745748192
1	58	0.898074617944
1	59	0.90040437745
1	60	0.904550151631
1	61	0.907827628002
1	62	0.936850613141
1	63	0.940889501933
2	0	0.429344276682
2	1	0.457802882027
2	2	0.5
2	3	0.510742660535
2	4	0.552332007834
2	5	0.581908699647
2	6	0.599603606436
2	7	0.600628172508
2	8	0.607129325211
2	9	0.607135536743
2	10	0.625458646097
2	11	0.626511748062
2	12	0.626921149813
2	13	0.636943181602
2	14	0.639215636156
2	15	0.639852495032
2	16	0.654980284433
2	17	0.661466217934
2	18	0.661934857875
2	19	0.680402573722
2	20	0.68371502128
2	21	0.686679581966
2	22	0.687636286428
2	23	0.699563295581
2	24	0.700003527683
2	25	0.702352830573
2	26	0.705821510109
2	27	0.711608358404
2	28	0.721494259659
2	29	0.72999997277
2	30	0.731885820037
2	31	0.73345944123
2	32	0.739529805842
2	33	0.741312758949
2	34	0.747792243306
2	35	0.749589424965
2	36	0.759888161756
2	37	0.7643138036
2	38	0.766989911861
2	39	0.772974566232
2	40	0.787568092125
2	41	0.789740253322
2	42	0.801254436754
2	43	0.811959244638
2	44	0.814318428511
2	45	0.814992936644
2	46	0.82420861108
2	47	0.826441576205
2	48	0.827147666877
2	49	0.829560591287
2	50	0.83024758141
2	51	0.831578515837
2	52	0.832886222182
2	53	0.835595444143
2	54	0.841769933034
2	55	0.842982336123
2	56	0.844488522871
2	57	0.860666140958
2	58	0.881511406233
2	59	0.884170930612
2	60	0.888909067745
2	61	0.892659881849
2	62	0.926069907887
2	63	0.930747336585
3	0	0.418848003406
3	1	0.447156040148
3	2	0.489257339465
3	3	0.5
3	4	0.541683081736
3	5	0.571417405122
3	6	0.589242908416
3	7	0.590275870511
3	8	0.596832424757
3	9	0.596838690798
3	10	0.615337776253
3	11	0.61640188206
3	12	0.616815588116
3	13	0.626947548521
3	14	0.629246150437
3	15	0.629890417718
3	16	0.645204629137
3	17	0.651776630349
3	18	0.652251632016
3	19	0.670985394133
3	20	0.67434873077
3	21	0.677359654957
3	22	0.678331486692
3	23	0.690453845756
3	24	0.690901528155
3	25	0.693290878972
3	26	0.696819577608
3	27	0.70270891984
3	28	0.712776755248
3	29	0.721445916991
3	30	0.72336887018
3	31	0.724973695053
3	32	0.731166483991
3	33	0.73298601524
3	34	0.739600802501
3	35	0.741436171602
3	36	0.751959271516
3	37	0.756484222615
3	38	0.759221226377
3	39	0.765344366693
3	40	0.780288958333
3	41	0.782514995734
3	42	0.794321800547
3	43	0.805309282132
3	44	0.807732142082
3	45	0.808424946169
3	46	0.817894686141
3	47	0.820190355851
3	48	0.820916366583
3	49	0.823397704896
3	50	0.82410426829
3	51	0.825473244073
3	52	0.826818482598
3	53	0.829605949228
3	54	0.835961224176
3	55	0.837209527937
3	56	0.838760497975
3	57	0.855431985516
3	58	0.876948358182
3	59	0.879696324046
3	60	0.884593609707
3	61	0.888471847741
3	62	0.923073079752
3	63	0.927925356054
4	0	0.378804773297
4	1	0.406298542852
4	2	0.447667992166
4	3	0.458316918264
4	4	0.5
4	5	0.530092654452
4	6	0.548278190577
4	7	0.549335380355
4	8	0.556054345752
4	9	0.556060774218
4	10	0.575098886279
4	11	0.576197640843
4	12	0.576624924991
4	13	0.587108222112
4	14	0.58949156819
4	15	0.590159923262
4	16	0.606090019149
4	17	0.612951917819
4	18	0.613448470176
4	19	0.633096740015
4	20	0.636637646877
4	21	0.639811006625
4	22	0.640835968503
4	23	0.653649887576
4	24	0.654124133913
4	25	0.656656497448
4	26	0.660400219306
4	27	0.666658586479
4	28	0.677386782453
4	29	0.686654529774
4	30	0.688714029425
4	31	0.690433861165
4	32	0.697079419767
4	33	0.699034695121
4	34	0.706153383257
4	35	0.708131466836
4	36	0.719497214355
4	37	0.724397315099
4	38	0.727364986078
4	39	0.734014430531
4	40	0.750303361163
4	41	0.752736931529
4	42	0.765676237771
4	43	0.777765850865
4	44	0.780438025508
4	45	0.781202538823
4	46	0.791671143124
4	47	0.794214218519
4	48	0.795018900513
4	49	0.797770671389
4	50	0.798554681331
4	51	0.800074266061
4	52	0.80156821676
4	53	0.804666086875
4	54	0.811740470687
4	55	0.813131888427
4	56	0.814861527618
4	57	0.83351358641
4	58	0.857749655018
4	59	0.86085833627
4	60	0.866406016002
4	61	0.8708061847
4	62	0.910335013087
4	63	0.915917573233
5	0	0.350887425301
5	1	0.377586577687
5	2	0.418091300353
5	3	0.428582594878
5	4	0.469907345548
5	5	0.5
5	6	0.518291834738
5	7	0.519357681853
5	8	0.526138052133
5	9	0.526144544718
5	10	0.545416785363
5	11	0.546531773431
5	12	0.546965450642
5	13	0.557619725679
5	14	0.560045734991
5	15	0.56072630698
5	16	0.576980413236
5	17	0.584001352876
5	18	0.584509870248
5	19	0.604681175957
5	20	0.608326657969
5	21	0.61159642276
5	22	0.612653065325
5	23	0.625885475999
5	24	0.626376008989
5	25	0.628996304793
5	26	0.632873006048
5	27	0.639361636068
5	28	0.650507793152
5	29	0.660160311463
5	30	0.662308308519
5	31	0.664102876882
5	32	0.671044377063
5	33	0.673088891308
5	34	0.680540813503
5	35	0.682613819899
5	36	0.69454462618
5	37	0.699698689815
5	38	0.702823208453
5	39	0.709832431738
5	40	0.727051581283
5	41	0.72963010749
5	42	0.743366343444
5	43	0.756240559604
5	44	0.759091386482
5	45	0.759907363893
5	46	0.771096307228
5	47	0.773818784795
5	48	0.77468059528
5	49	0.777629028515
5	50	0.778469441752
5	51	0.780098815165
5	52	0.78170130544
5	53	0.785026151255
5	54	0.792628521975
5	55	0.794125369543
5	56	0.795986793891
5	57	0.816111292725
5	58	0.842401687952
5	59	0.845785475377
5	60	0.851830683368
5	61	0.856631478625
5	62	0.899999231738
5	63	0.906158964043
6	0	0.334402288801
6	1	0.360543804751
6	2	0.400396393564
6	3	0.410757091584
6	4	0.451721809423
6	5	0.481708165262
6	6	0.5
6	7	0.501067359171
6	8	0.50786125174
6	9	0.50786776039
6	10	0.527215388367
6	11	0.528336413097
6	12	0.528772488163
6	13	0.539494394735
6	14	0.541938151297
6	15	0.542623857997
6	16	0.559021011872
6	17	0.566115876909
6	18	0.566630033478
6	19	0.587056125164
6	20	0.590754138028
6	21	0.594072712401
6	22	0.595145470471
6	23	0.608593867545
6	24	0.609092912495
6	25	0.611759290089
6	26	0.615706062053
6	27	0.622317035066
6	28	0.633688167087
6	29	0.64355067663
6	30	0.645747321148
6	31	0.647583068682
6	32	0.654688447338
6	33	0.656782623323
6	34	0.664420929417
6	35	0.666547285028
6	36	0.678797856122
6	37	0.684096771259
6	38	0.687311077945
6	39	0.694527149971
6	40	0.712286410638
6	41	0.714949734127
6	42	0.729154949986
6	43	0.742495130786
6	44	0.745452605745
6	45	0.746299337939
6	46	0.757920428837
6	47	0.760750991784
6	48	0.761647255154
6	49	0.764714438987
6	50	0.765588946979
6	51	0.767284736978
6	52	0.76895295074
6	53	0.772415433638
6	54	0.780338984927
6	55	0.78190013207
6	56	0.783842003454
6	57	0.804870823574
6	58	0.832438305058
6	59	0.835994366785
6	60	0.842351847051
6	61	0.847404746937
6	62	0.893215590746
6	63	0.899746628645
7	0	0.33345268144
7	1	0.359560064122
7	2	0.399371827492
7	3	0.409724129489
7	4	0.450664619645
7	5	0.480642318147
7	6	0.498932640829
7	7	0.5
7	8	0.506794120525
7	9	0.50680062961
7	10	0.526151067485
7	11	0.527272353157
7	12	0.527708532455
7	13	0.538433515946
7	14	0.540878110898
7	15	0.541564062331
7	16	0.557968259404
7	17	0.565066884161
7	18	0.565581329891
7	19	0.586020738101
7	20	0.58972154304
7	21	0.593042721816
7	22	0.594116341832
7	23	0.607576384078
7	24	0.608075890941
7	25	0.610744771915
7	26	0.61469536152
7	27	0.621313027092
7	28	0.632696546695
7	29	0.642570695147
7	30	0.644770045365
7	31	0.646608085445
7	32	0.653722610781
7	33	0.655819564787
7	34	0.663468321102
7	35	0.665597675473
7	36	0.677866273632
7	37	0.68317338343
7	38	0.686392777588
7	39	0.693620595544
7	40	0.711410660755
7	41	0.714078838152
7	42	0.728310960146
7	43	0.741677984129
7	44	0.744641614426
7	45	0.745490125037
7	46	0.757136218202
7	47	0.759973047443
7	48	0.760871311329
7	49	0.763945384555
7	50	0.764821872785
7	51	0.766521519394
7	52	0.768193551059
7	53	0.771664034818
7	54	0.779606281277
7	55	0.781171175156
7	56	0.783117737465
7	57	0.804199416262
7	58	0.831841935448
7	59	0.835408152037
7	60	0.84178405498
7	61	0.846851844357
7	62	0.892807679843
7	63	0.899360854743
8	0	0.327439597333
8	1	0.353325749098
8	2	0.392870674789
8	3	0.403167575243
8	4	0.443945654248
8	5	0.473861947867
8	6	0.49213874826
8	7	0.493205879475
8	8	0.5
8	9	0.500006510247
8	10	0.519370713847
8	11	0.520493421771
8	12	0.52093017301
8	13	0.531672477073
8	14	0.534121897641
8	15	0.534809261348
8	16	0.551254884867
8	17	0.558375989647
8	18	0.558892171513
8	19	0.579412262953
8	20	0.583130120085
8	21	0.58646724083
8	22	0.587546143591
8	23	0.601077769578
8	24	0.601580123984
8	25	0.604264451908
8	26	0.608238623279
8	27	0.614897709699
8	28	0.626358102692
8	29	0.636304697685
8	30	0.638520914227
8	31	0.640373254122
8	32	0.647544880312
8	33	0.649659195967
8	34	0.657373331902
8	35	0.659521459987
8	36	0.671903095135
8	37	0.677261673868
8	38	0.680513047592
8	39	0.687814743581
8	40	0.705798938275
8	41	0.708497738661
8	42	0.722899865313
8	43	0.736436771117
8	44	0.739439409133
8	45	0.740299175473
8	46	0.752103816863
8	47	0.754980404944
8	48	0.755891349452
8	49	0.759009165826
8	50	0.759898221283
8	51	0.761622361097
8	52	0.763318644603
8	53	0.766839961003
8	54	0.77490105768
8	55	0.776489782781
8	56	0.778466177452
8	57	0.799884463613
8	58	0.828005870707
8	59	0.83163697414
8	60	0.838130658398
8	61	0.843293684944
8	62	0.890178769524
8	63	0.896874098356
9	0	0.327433862252
9	1	0.353319799109
9	2	0.392864463257
9	3	0.403161309202
9	4	0.443939225782
9	5	0.473855455282
9	6	0.49213223961
9	7	0.49319937039
9	8	0.499993489753
9	9	0.5
9	10	0.51936421343
9	11	0.52048692247
9	12	0.520923674226
9	13	0.531665992948
9	14	0.53411541784
9	15	0.534802782682
9	16	0.551248443106
9	17	0.558369568193
9	18	0.558885751641
9	19	0.57940591676
9	20	0.583123789622
9	21	0.586460925432
9	22	0.58753983323
9	23	0.601071525302
9	24	0.601573882333
9	25	0.604258224829
9	26	0.608232418208
9	27	0.614891543614
9	28	0.626352008282
9	29	0.636298671416
9	30	0.638514903793
9	31	0.640367257256
9	32	0.647538936952
9	33	0.649653268992
9	34	0.657367466862
9	35	0.659515612363
9	36	0.67189735417
9	37	0.677255981913
9	38	0.680507386342
9	39	0.687809152072
9	40	0.705793531117
9	41	0.708492359952
9	42	0.722894649141
9	43	0.736431716558
9	44	0.739434392764
9	45	0.740294168974
9	46	0.752098962832
9	47	0.754975588551
9	48	0.755886544047
9	49	0.759004402727
9	50	0.759893469756
9	51	0.761617633122
9	52	0.763313939968
9	53	0.766835305075
9	54	0.774896515955
9	55	0.776485264036
9	56	0.778461686828
9	57	0.799880295795
9	58	0.82800216249
9	59	0.831633327824
9	60	0.838127125647
9	61	0.843290244062
9	62	0.890176223716
9	63	0.896871689915
10	0	0.31060123474
10	1	0.335820888169
10	2	0.374541353903
10	3	0.384662223747
10	4	0.424901113721
10	5	0.454583214637
10	6	0.472784611633
10	7	0.473848932515
10	8	0.480629286153
10	9	0.48063578657
10	10	0.5
10	11	0.501124493424
10	12	0.501561992275
10	13	0.512332026846
10	14	0.514790287263
10	15	0.51548029966
10	16	0.532011299792
10	17	0.539182503575
10	18	0.539702625942
10	19	0.560413277306
10	20	0.564172753084
10	21	0.567549087391
10	22	0.568641044117
10	23	0.582352019689
10	24	0.582861590248
10	25	0.585585155332
10	26	0.589619515663
10	27	0.596385073647
10	28	0.608045214702
10	29	0.618182137944
10	30	0.620442913478
10	31	0.622333098498
10	32	0.629656424294
10	33	0.631817035165
10	34	0.639706157678
10	35	0.641904713529
10	36	0.654591468872
10	37	0.660089751031
10	38	0.663428148401
10	39	0.670931496867
10	40	0.689449159507
10	41	0.692232541577
10	42	0.707106063007
10	43	0.721116873131
10	44	0.724228686055
10	45	0.725119985325
10	46	0.73736981885
10	47	0.740358356876
10	48	0.741305036946
10	49	0.744546192936
10	50	0.745470712181
10	51	0.747263996794
10	52	0.749028785271
10	53	0.752693823638
10	54	0.76109162607
10	55	0.762747975554
10	56	0.764809077819
10	57	0.787186794267
10	58	0.816683617269
10	59	0.820501935489
10	60	0.827335925865
10	61	0.832774566179
10	62	0.88236786395
10	63	0.88948026802
11	0	0.309638911432
11	1	0.334818376836
11	2	0.373488251938
11	3	0.38359811794
11	4	0.423802359157
11	5	0.453468226569
11	6	0.471663586903
11	7	0.472727646843
11	8	0.479506578229
11	9	0.47951307753
11	10	0.498875506576
11	11	0.5
11	12	0.500437501932
11	13	0.511208155141
11	14	0.51366670312
11	15	0.514356805931
11	16	0.530891254369
11	17	0.538064718834
11	18	0.538585023176
11	19	0.559304899149
11	20	0.563066463535
11	21	0.566444782374
11	22	0.567537402937
11	23	0.581257625498
11	24	0.581767572338
11	25	0.584493188558
11	26	0.588530709711
11	27	0.595301897675
11	28	0.606972708538
11	29	0.617119903439
11	30	0.619383096012
11	31	0.621275337362
11	32	0.628606933427
11	33	0.63077007672
11	34	0.638668803427
11	35	0.640870135312
11	36	0.653573762597
11	37	0.659079807924
11	38	0.662423052114
11	39	0.669937659581
11	40	0.688485281811
11	41	0.691273433665
11	42	0.706173632687
11	43	0.720211397221
11	44	0.723329438351
11	45	0.724222536263
11	46	0.736497831769
11	47	0.739492786394
11	48	0.740441514644
11	49	0.743689749478
11	50	0.744616304598
11	51	0.746413561372
11	52	0.748182287249
11	53	0.751855592189
11	54	0.760272793589
11	55	0.761933044506
11	56	0.763999035373
11	57	0.786432303135
11	58	0.816009258996
11	59	0.819838524298
11	60	0.82669243795
11	61	0.832147235209
11	62	0.881900193407
11	63	0.889037318505
12	0	0.309264950134
12	1	0.334428736528
12	2	0.373078850187
12	3	0.383184411884
12	4	0.423375075009
12	5	0.453034549358
12	6	0.471227511837
12	7	0.472291467545
12	8	0.47906982699
12	9	0.479076325774
12	10	0.498438007725
12	11	0.499562498068
12	12	0.5
12	13	0.510770864464
12	14	0.513229517535
12	15	0.513919653701
12	16	0.530455398782
12	17	0.537629723487
12	18	0.538150097224
12	19	0.558873507432
12	20	0.562635874614
12	21	0.566014956413
12	22	0.56710783225
12	23	0.580831617947
12	24	0.581341709936
12	25	0.584068117121
12	26	0.588106857976
12	27	0.594880219369
12	28	0.606555153924
12	29	0.616706321482
12	30	0.618970449329
12	31	0.620863486299
12	32	0.628198284115
12	33	0.630362407941
12	34	0.638264854077
12	35	0.640467261844
12	36	0.65317742803
12	37	0.65868648271
12	38	0.662031605751
12	39	0.669550580397
12	40	0.688109827739
12	41	0.690899831993
12	42	0.705810387881
12	43	0.71985862249
12	44	0.722979081872
12	45	0.723872879882
12	46	0.736158067977
12	47	0.739155516977
12	48	0.740105042983
12	49	0.743356028576
12	50	0.744283375726
12	51	0.746082176371
12	52	0.747852432645
12	53	0.751528951186
12	54	0.759953694448
12	55	0.761615462203
12	56	0.763683354763
12	57	0.786138229766
12	58	0.815746370183
12	59	0.819579897583
12	60	0.826441566995
12	61	0.83190265449
12	62	0.881717804183
12	63	0.888864562438
13	0	0.300136468866
13	1	0.324906878218
13	2	0.363056818398
13	3	0.373052451479
13	4	0.412891777888
13	5	0.442380274321
13	6	0.460505605265
13	7	0.461566484054
13	8	0.468327522927
13	9	0.468334007052
13	10	0.487667973154
13	11	0.488791844859
13	12	0.489229135536
13	13	0.5
13	14	0.502460055321
13	15	0.503150678735
13	16	0.519710396871
13	17	0.526902473873
13	18	0.527424308464
13	19	0.548224964244
13	20	0.552005350119
13	21	0.555401662918
13	22	0.556500323988
13	23	0.570305593073
13	24	0.570819029439
13	25	0.573563696459
13	26	0.577630675674
13	27	0.584454586131
13	28	0.596226040674
13	29	0.606470804384
13	30	0.608757036498
13	31	0.610668899154
13	32	0.618079599958
13	33	0.620267018864
13	34	0.628258013755
13	35	0.630486075047
13	36	0.643352606474
13	37	0.648933843685
13	38	0.652324098453
13	39	0.659948109209
13	40	0.678787936439
13	41	0.681622746015
13	42	0.696784415802
13	43	0.711087233268
13	44	0.714266615895
13	45	0.715177448949
13	46	0.727703980655
13	47	0.730762347329
13	48	0.731731335904
13	49	0.735049569678
13	50	0.735996270921
13	51	0.737832832459
13	52	0.739640531359
13	53	0.743395702185
13	54	0.752005214679
13	55	0.753704174373
13	56	0.755818691104
13	57	0.778804418028
13	58	0.809181439119
13	59	0.81312026293
13	60	0.820173699911
13	61	0.825790435606
13	62	0.8771494349
13	63	0.884536073322
14	0	0.298073543406
14	1	0.322752213098
14	2	0.360784363844
14	3	0.370753849563
14	4	0.41050843181
14	5	0.439954265009
14	6	0.458061848703
14	7	0.459121889102
14	8	0.465878102359
14	9	0.46588458216
14	10	0.485209712737
14	11	0.48633329688
14	12	0.486770482465
14	13	0.497539944679
14	14	0.5
14	15	0.500690644819
14	16	0.517253687901
14	17	0.524448890727
14	18	0.524970991751
14	19	0.545786636798
14	20	0.549570662388
14	21	0.552970484963
14	22	0.554070330025
14	23	0.567892507292
14	24	0.568406644994
14	25	0.571155148916
14	26	0.575228087059
14	27	0.582062728548
14	28	0.593854854906
14	29	0.604119834608
14	30	0.606410860981
14	31	0.608326811879
14	32	0.615754042466
14	33	0.617946547638
14	34	0.625956926449
14	35	0.628190617834
14	36	0.641091578072
14	37	0.646688766592
14	38	0.650089011028
14	39	0.657736318473
14	40	0.676638643191
14	41	0.67948346548
14	42	0.694701379949
14	43	0.709061428644
14	44	0.712254081806
14	45	0.713168755404
14	46	0.725749750971
14	47	0.728821888217
14	48	0.72979528013
14	49	0.733128726429
14	50	0.734079808844
14	51	0.73592491864
14	52	0.73774109671
14	53	0.741514088891
14	54	0.750165515207
14	55	0.751872919459
14	56	0.7539980273
14	57	0.777104597068
14	58	0.807657403959
14	59	0.811620363643
14	60	0.818717789839
14	61	0.824370261564
14	62	0.876085119164
14	63	0.883527253954
15	0	0.29749586232
15	1	0.322148654887
15	2	0.360147504968
15	3	0.370109582282
15	4	0.409840076738
15	5	0.43927369302
15	6	0.457376142003
15	7	0.458435937669
15	8	0.465190738652
15	9	0.465197217318
15	10	0.48451970034
15	11	0.485643194069
15	12	0.486080346299
15	13	0.496849321265
15	14	0.499309355181
15	15	0.5
15	16	0.51656383266
15	17	0.523759850773
15	18	0.524282022093
15	19	0.545101696813
15	20	0.548886712209
15	21	0.552287491876
15	22	0.553387660276
15	23	0.56721446917
15	24	0.567728799513
15	25	0.570478358361
15	26	0.574552936332
15	27	0.581390535898
15	28	0.593188372347
15	29	0.603458949024
15	30	0.605751304061
15	31	0.607668388537
15	32	0.615100204566
15	33	0.617294121781
15	34	0.62530988575
15	35	0.627545141626
15	36	0.640455679572
15	37	0.646057310259
15	38	0.64946033818
15	39	0.657114138044
15	40	0.676033899608
15	41	0.678881516488
15	42	0.69411514604
15	43	0.708491197926
15	44	0.711687565491
15	45	0.712603312148
15	46	0.725199554076
15	47	0.728275546599
15	48	0.729250169596
15	49	0.732587877305
15	50	0.733540186073
15	51	0.735387690599
15	52	0.737206244276
15	53	0.740984229706
15	54	0.749647403393
15	55	0.75135717511
15	56	0.753485251272
15	57	0.776625716848
15	58	0.807227881567
15	59	0.811197621569
15	60	0.818307409956
15	61	0.823969926707
15	62	0.87578490198
15	63	0.883242664595
16	0	0.283832346559
16	1	0.307849052075
16	2	0.345019715567
16	3	0.354795370863
16	4	0.393909980851
16	5	0.423019586764
16	6	0.440978988128
16	7	0.442031740596
16	8	0.448745115133
16	9	0.448751556894
16	10	0.467988700208
16	11	0.469108745631
16	12	0.469544601218
16	13	0.480289603129
16	14	0.482746312099
16	15	0.48343616734
16	16	0.5
16	17	0.507207364058
16	18	0.50773062656
16	19	0.528623397411
16	20	0.53242791376
16	21	0.535847847793
16	22	0.536954543854
16	23	0.550877208844
16	24	0.551395599165
16	25	0.554167464276
16	26	0.558276964425
16	27	0.56517818024
16	28	0.577100576073
16	29	0.587494867991
16	30	0.589816780499
16	31	0.59175912917
16	32	0.599293584977
16	33	0.601519231679
16	34	0.609656470152
16	35	0.611927154471
16	36	0.625055606617
16	37	0.630758840726
16	38	0.634225681142
16	39	0.642028775043
16	40	0.661351944333
16	41	0.66426452311
16	42	0.679864581019
16	43	0.694615719322
16	44	0.697899356106
16	45	0.698840365262
16	46	0.711795857441
16	47	0.714962914262
16	48	0.715966664569
16	49	0.719405118411
16	50	0.720386455296
16	51	0.722290633601
16	52	0.724165435502
16	53	0.728061742475
16	54	0.737003723831
16	55	0.738769754686
16	56	0.740968422704
16	57	0.764917268721
16	58	0.796703594302
16	59	0.800836588521
16	60	0.808244315021
16	61	0.814149223603
16	62	0.868393233002
16	63	0.876232067415
17	0	0.278008432934
17	1	0.301739970719
17	2	0.338533782066
17	3	0.348223369651
17	4	0.387048082181
17	5	0.415998647124
17	6	0.433884123091
17	7	0.434933115839
17	8	0.441624010353
17	9	0.441630431807
17	10	0.460817496425
17	11	0.461935281166
17	12	0.462370276513
17	13	0.473097526127
17	14	0.475551109273
17	15	0.476240149227
17	16	0.492792635942
17	17	0.5
17	18	0.500523379149
17	19	0.521433720384
17	20	0.525244149918
17	21	0.528670113576
17	22	0.529778905687
17	23	0.543733992146
17	24	0.544253806277
17	25	0.547033548694
17	26	0.551155546472
17	27	0.55807995149
17	28	0.570048914494
17	29	0.580490535672
17	30	0.582823878053
17	31	0.584776028781
17	32	0.592350581859
17	33	0.594588704578
17	34	0.602774009381
17	35	0.605058794024
17	36	0.61827465638
17	37	0.624018991859
17	38	0.62751174346
17	39	0.635375722139
17	40	0.654864963951
17	41	0.657804466766
17	42	0.673557180105
17	43	0.688465773652
17	44	0.691786196024
17	45	0.692737863248
17	46	0.705845377258
17	47	0.709051095263
17	48	0.710067221294
17	49	0.713548519327
17	50	0.714542211228
17	51	0.7164705248
17	52	0.718369297817
17	53	0.722316083598
17	54	0.731377288897
17	55	0.733167422649
17	56	0.735396354543
17	57	0.759693291792
17	58	0.791993888648
17	59	0.79619813764
17	60	0.803736106803
17	61	0.809747162708
17	62	0.865063049025
17	63	0.873071245265
18	0	0.277588418033
18	1	0.301299064511
18	2	0.338065142125
18	3	0.347748367984
18	4	0.386551529824
18	5	0.415490129752
18	6	0.433369966522
18	7	0.434418670109
18	8	0.441107828487
18	9	0.441114248359
18	10	0.460297374058
18	11	0.461414976824
18	12	0.461849902776
18	13	0.472575691536
18	14	0.475029008249
18	15	0.475717977907
18	16	0.49226937344
18	17	0.499476620851
18	18	0.5
18	19	0.520911279565
18	20	0.52472207731
18	21	0.528148423931
18	22	0.529257350515
18	23	0.543214569631
18	24	0.543734478958
18	25	0.546514749642
18	26	0.550637590352
18	27	0.557563571565
18	28	0.569535732658
18	29	0.579980633916
18	30	0.582314771718
18	31	0.584267605441
18	32	0.591844959782
18	33	0.594083956217
18	34	0.602272635111
18	35	0.604558411696
18	36	0.617780440848
18	37	0.623527684919
18	38	0.627022272632
18	39	0.634890572499
18	40	0.654391640475
18	41	0.657333065173
18	42	0.673096694736
18	43	0.688016577615
18	44	0.691339641157
18	45	0.692292073932
18	46	0.70541051782
18	47	0.708619018599
18	48	0.709636035728
18	49	0.713120419355
18	50	0.714115001344
18	51	0.716045053954
18	52	0.717945554601
18	53	0.721895979805
18	54	0.730965787748
18	55	0.732757661763
18	56	0.734988779301
18	57	0.759310892746
18	58	0.791648792655
18	59	0.79585821891
18	60	0.803405656196
18	61	0.809424433162
18	62	0.864818488079
18	63	0.872839064919
19	0	0.261121155137
19	1	0.283978147015
19	2	0.319597426278
19	3	0.329014605867
19	4	0.366903259985
19	5	0.395318824043
19	6	0.412943874836
19	7	0.413979261899
19	8	0.420587737047
19	9	0.42059408324
19	10	0.439586722694
19	11	0.440695100851
19	12	0.441126492568
19	13	0.451775035756
19	14	0.454213363202
19	15	0.454898303187
19	16	0.471376602589
19	17	0.478566279616
19	18	0.479088720435
19	19	0.5
19	20	0.503818694331
19	21	0.507254224286
19	22	0.508366545927
19	23	0.522384201878
19	24	0.522906997114
19	25	0.525703475368
19	26	0.5298527547
19	27	0.536829623551
19	28	0.548908923186
19	29	0.559467189214
19	30	0.561829200309
19	31	0.563806067713
19	32	0.57148283856
19	33	0.573753088496
19	34	0.582063375507
19	35	0.584385147596
19	36	0.597832987871
19	37	0.603687757669
19	38	0.607250507764
19	39	0.615279989827
19	40	0.635226692814
19	41	0.638241056882
19	42	0.654421232867
19	43	0.669775297546
19	44	0.673200369773
19	45	0.674182394822
19	46	0.68772464685
19	47	0.691041405119
19	48	0.692093114124
19	49	0.695697742075
19	50	0.696727038335
19	51	0.698724955208
19	52	0.700692923091
19	53	0.704785626825
19	54	0.714192528499
19	55	0.716052722453
19	56	0.718369701331
19	57	0.743685166861
19	58	0.777507303245
19	59	0.781923732337
19	60	0.789850314292
19	61	0.796178807344
19	62	0.854731955027
19	63	0.863256358923
20	0	0.258184801204
20	1	0.280882471646
20	2	0.31628497872
20	3	0.32565126923
20	4	0.363362353123
20	5	0.391673342031
20	6	0.409245861972
20	7	0.41027845696
20	8	0.416869879915
20	9	0.416876210378
20	10	0.435827246916
20	11	0.436933536465
20	12	0.437364125386
20	13	0.447994649881
20	14	0.450429337612
20	15	0.451113287791
20	16	0.46757208624
20	17	0.474755850082
20	18	0.47527792269
20	19	0.496181305669
20	20	0.5
20	21	0.503435910654
20	22	0.504548432849
20	23	0.518571857509
20	24	0.519094984096
20	25	0.521893376683
20	26	0.526045937146
20	27	0.53302951042
20	28	0.54512393971
20	29	0.555699089022
20	30	0.558065344452
20	31	0.5600458955
20	32	0.567738106399
20	33	0.570013268438
20	34	0.578342883942
20	35	0.580670434564
20	36	0.594154996607
20	37	0.600027487598
20	38	0.60360153631
20	39	0.611657911232
20	40	0.631679991073
20	41	0.634706809638
20	42	0.650958612135
20	43	0.666388094096
20	44	0.669830979769
20	45	0.67081817886
20	46	0.684434810505
20	47	0.687770647097
20	48	0.688828476441
20	49	0.692454339829
20	50	0.693489773356
20	51	0.695499696174
20	52	0.697479610333
20	53	0.701597540643
20	54	0.711064382603
20	55	0.712936752867
20	56	0.715269047344
20	57	0.740762648067
20	58	0.774853675773
20	59	0.779307827504
20	60	0.787303627744
20	61	0.793688780226
20	62	0.852825026021
20	63	0.86144318995
21	0	0.255561263806
21	1	0.278114762009
21	2	0.313320418034
21	3	0.322640345043
21	4	0.360188993375
21	5	0.38840357724
21	6	0.405927287599
21	7	0.406957278184
21	8	0.41353275917
21	9	0.413539074568
21	10	0.432450912609
21	11	0.433555217626
21	12	0.433985043587
21	13	0.444598337082
21	14	0.447029515037
21	15	0.447712508124
21	16	0.464152152207
21	17	0.471329886424
21	18	0.471851576069
21	19	0.492745775714
21	20	0.496564089346
21	21	0.5
21	22	0.50111259174
21	23	0.515139811277
21	24	0.515663184076
21	25	0.518463021464
21	26	0.522618123017
21	27	0.529607039616
21	28	0.541713898692
21	29	0.552303216887
21	30	0.554673064497
21	31	0.556656740678
21	32	0.564362114963
21	33	0.56664148282
21	34	0.574987713677
21	35	0.57732024949
21	36	0.590836631955
21	37	0.596724548372
21	38	0.600308450749
21	39	0.608388331837
21	40	0.628476592562
21	41	0.631514380643
21	42	0.647829406181
21	43	0.663325673441
21	44	0.666784358763
21	45	0.667776150434
21	46	0.681458861381
21	47	0.684811670199
21	48	0.685874947615
21	49	0.689519713321
21	50	0.690560612564
21	51	0.692581228291
21	52	0.694571785128
21	53	0.698712198931
21	54	0.708232510771
21	55	0.710115750591
21	56	0.712461721648
21	57	0.738114647608
21	58	0.772446930562
21	59	0.776934989729
21	60	0.784993040159
21	61	0.791429180315
21	62	0.851091594366
21	63	0.859794575465
22	0	0.254715503398
22	1	0.277222157105
22	2	0.312363713572
22	3	0.321668513308
22	4	0.359164031497
22	5	0.387346934675
22	6	0.404854529529
22	7	0.405883658168
22	8	0.412453856409
22	9	0.41246016677
22	10	0.431358955883
22	11	0.432462597063
22	12	0.43289216775
22	13	0.443499676012
22	14	0.445929669975
22	15	0.446612339724
22	16	0.463045456146
22	17	0.470221094313
22	18	0.470742649485
22	19	0.491633454073
22	20	0.495451567151
22	21	0.49888740826
22	22	0.5
22	23	0.514028164706
22	24	0.51455160667
22	25	0.517351855437
22	26	0.521507696167
22	27	0.528498202738
22	28	0.540608845585
22	29	0.551202543354
22	30	0.553573507876
22	31	0.555558157382
22	32	0.563267645198
22	33	0.565548331236
22	34	0.573899783762
22	35	0.576233889998
22	36	0.589760326373
22	37	0.59565313129
22	38	0.599240160384
22	39	0.607327511198
22	40	0.627436864862
22	41	0.630478156199
22	42	0.646813401905
22	43	0.662331073348
22	44	0.665794827689
22	45	0.666788093341
22	46	0.680492026514
22	47	0.68385029082
22	48	0.684915319975
22	49	0.688566164003
22	50	0.689608821301
22	51	0.691632876717
22	52	0.693626857686
22	53	0.697774507202
22	54	0.707312036708
22	55	0.709198778187
22	56	0.711549156042
22	57	0.737253472094
22	58	0.771663727484
22	59	0.776162758003
22	60	0.7842409575
22	61	0.79069360788
22	62	0.850526695585
22	63	0.859257232458
23	0	0.244207948427
23	1	0.266117675017
23	2	0.300436704419
23	3	0.309546154244
23	4	0.346350112424
23	5	0.374114524001
23	6	0.391406132455
23	7	0.392423615922
23	8	0.398922230422
23	9	0.398928474698
23	10	0.417647980311
23	11	0.418742374502
23	12	0.419168382053
23	13	0.429694406927
23	14	0.432107492708
23	15	0.43278553083
23	16	0.449122791156
23	17	0.456266007854
23	18	0.456785430369
23	19	0.477615798122
23	20	0.481428142491
23	21	0.484860188723
23	22	0.485971835294
23	23	0.5
23	24	0.500523869715
23	25	0.503326930063
23	26	0.507488569125
23	27	0.514493214513
23	28	0.526641387897
23	29	0.537281492691
23	30	0.539664581096
23	31	0.541659868252
23	32	0.549414909201
23	33	0.551710362035
23	34	0.560120923644
23	35	0.562472965076
23	36	0.57611553188
23	37	0.582065440803
23	38	0.585689167554
23	39	0.593864640223
23	40	0.614225506717
23	41	0.617308865028
23	42	0.633888220984
23	43	0.649666192329
23	44	0.653191837243
23	45	0.654203103911
23	46	0.668167040883
23	47	0.671592330573
23	48	0.672678886607
23	49	0.67640452705
23	50	0.67746882794
23	51	0.679535260043
23	52	0.6815714521
23	53	0.685808379886
23	54	0.695558775197
23	55	0.697488877718
23	56	0.699893849171
23	57	0.72623718696
23	58	0.761623696223
23	59	0.766260628266
23	60	0.774592409372
23	61	0.78125313042
23	62	0.843249908274
23	63	0.852331679766
24	0	0.243821392197
24	1	0.265708630484
24	2	0.299996472317
24	3	0.309098471845
24	4	0.345875866087
24	5	0.373623991011
24	6	0.390907087505
24	7	0.391924109059
24	8	0.398419876016
24	9	0.398426117667
24	10	0.417138409752
24	11	0.418232427662
24	12	0.418658290064
24	13	0.429180970561
24	14	0.431593355006
24	15	0.432271200487
24	16	0.448604400835
24	17	0.455746193723
24	18	0.456265521042
24	19	0.477093002886
24	20	0.480905015904
24	21	0.484336815924
24	22	0.48544839333
24	23	0.499476130285
24	24	0.5
24	25	0.502803079889
24	26	0.506964808701
24	27	0.513969769065
24	28	0.526118976307
24	29	0.536760494797
24	30	0.539143964878
24	31	0.541139589915
24	32	0.548896102563
24	33	0.551192039374
24	34	0.559604563039
24	35	0.561957206211
24	36	0.575603720814
24	37	0.581555595894
24	38	0.585180592863
24	39	0.593359133434
24	40	0.613728858804
24	41	0.616813710192
24	42	0.633401778456
24	43	0.649189111617
24	44	0.652716991304
24	45	0.653728908491
24	46	0.667702267932
24	47	0.671129993791
24	48	0.6722173328
24	49	0.675945695989
24	50	0.67701078532
24	51	0.67907876192
24	52	0.6811164934
24	53	0.685356680167
24	54	0.695114861487
24	55	0.697046552565
24	56	0.699453525216
24	57	0.725820373117
24	58	0.761243046981
24	59	0.765885107364
24	60	0.774226330177
24	61	0.780894808879
24	62	0.842972729514
24	63	0.852067742906
25	0	0.241760069554
25	1	0.263526753733
25	2	0.297647169427
25	3	0.306709121028
25	4	0.343343502552
25	5	0.371003695207
25	6	0.388240709911
25	7	0.389255228085
25	8	0.395735548092
25	9	0.395741775171
25	10	0.414414844668
25	11	0.415506811442
25	12	0.415931882879
25	13	0.426436303541
25	14	0.428844851084
25	15	0.429521641639
25	16	0.445832535724
25	17	0.452966451306
25	18	0.453485250358
25	19	0.474296524632
25	20	0.478106623317
25	21	0.481536978536
25	22	0.482648144563
25	23	0.496673069937
25	24	0.497196920111
25	25	0.5
25	26	0.504162053834
25	27	0.511168438504
25	28	0.52332272659
25	29	0.533971416911
25	30	0.536356841808
25	31	0.538354201643
25	32	0.546118306559
25	33	0.548416749842
25	34	0.556839469229
25	35	0.55919524838
25	36	0.57286240605
25	37	0.578824595423
25	38	0.582456264511
25	39	0.590650944453
25	40	0.611067408106
25	41	0.614160152241
25	42	0.630794333279
25	43	0.646631310286
25	44	0.650171050589
25	45	0.65118642232
25	46	0.665209836637
25	47	0.668650514041
25	48	0.6697420176
25	49	0.67348485999
25	50	0.674554143625
25	51	0.676630336245
25	52	0.678676257939
25	53	0.682933787658
25	54	0.692733422309
25	55	0.694673574097
25	56	0.69709120752
25	57	0.723583399435
25	58	0.759199197826
25	59	0.763868670077
25	60	0.772260372868
25	61	0.778970340929
25	62	0.841482828799
25	63	0.850648847981
26	0	0.238721313945
26	1	0.260308331844
26	2	0.294178489891
26	3	0.303180422392
26	4	0.339599780694
26	5	0.367126993952
26	6	0.384293937947
26	7	0.38530463848
26	8	0.391761376721
26	9	0.391767581792
26	10	0.410380484337
26	11	0.411469290289
26	12	0.411893142024
26	13	0.422369324326
26	14	0.424771912941
26	15	0.425447063668
26	16	0.441723035575
26	17	0.448844453528
26	18	0.449362409648
26	19	0.4701472453
26	20	0.473954062854
26	21	0.477381876983
26	22	0.478492303833
26	23	0.492511430875
26	24	0.493035191299
26	25	0.495837946166
26	26	0.5
26	27	0.507007687651
26	28	0.519168115385
26	29	0.529826231702
26	30	0.532214286524
26	31	0.534213994436
26	32	0.541988490962
26	33	0.544290396391
26	34	0.552727309964
26	35	0.555087482999
26	36	0.568783788957
26	37	0.574760649153
26	38	0.578401836764
26	39	0.586619614896
26	40	0.607103396385
26	41	0.61020755481
26	42	0.626908621973
26	43	0.642817896308
26	44	0.646374945805
26	45	0.647395360264
26	46	0.661491958161
26	47	0.664951599749
26	48	0.6660492025
26	49	0.669813263074
26	50	0.670888694911
26	51	0.67297693491
26	52	0.675034869972
26	53	0.679317850112
26	54	0.68917837897
26	55	0.691130969509
26	56	0.69356428005
26	57	0.720241141374
26	58	0.756142450916
26	59	0.760852526385
26	60	0.76931904782
26	61	0.776090550511
26	62	0.839249435032
26	63	0.848521349388
27	0	0.233664226993
27	1	0.254947090594
27	2	0.288391641596
27	3	0.29729108016
27	4	0.333341413521
27	5	0.360638363932
27	6	0.377682964934
27	7	0.378686972908
27	8	0.385102290301
27	9	0.385108456386
27	10	0.403614926353
27	11	0.404698102325
27	12	0.405119780631
27	13	0.415545413869
27	14	0.417937271452
27	15	0.418609464102
27	16	0.43482181976
27	17	0.44192004851
27	18	0.442436428435
27	19	0.463170376449
27	20	0.46697048958
27	21	0.470392960384
27	22	0.471501797262
27	23	0.485506785487
27	24	0.486030230935
27	25	0.488831561496
27	26	0.492992312349
27	27	0.5
27	28	0.512166964953
27	29	0.522837637401
27	30	0.525229380671
27	31	0.527232423749
27	32	0.535022023065
27	33	0.53732905241
27	34	0.545787295098
27	35	0.548154152182
27	36	0.561895439501
27	37	0.567895242417
27	38	0.57155139454
27	39	0.57980569625
27	40	0.600397119517
27	41	0.603519660313
27	42	0.620328985502
27	43	0.636356081796
27	44	0.63994143682
27	45	0.640970104777
27	46	0.655186759487
27	47	0.658677591416
27	48	0.659785232666
27	49	0.663584234839
27	50	0.664669798368
27	51	0.666777898659
27	52	0.668855648419
27	53	0.673180639652
27	54	0.68314185727
27	55	0.685115042897
27	56	0.687574323552
27	57	0.714558032071
27	58	0.750936452405
27	59	0.755714596098
27	60	0.764306667484
27	61	0.771181542813
27	62	0.835431504911
27	63	0.844882931241
28	0	0.225061018139
28	1	0.245811626896
28	2	0.278505740341
28	3	0.287223244752
28	4	0.322613217547
28	5	0.349492206848
28	6	0.366311832913
28	7	0.367303453305
28	8	0.373641897308
28	9	0.373647991718
28	10	0.391954785298
28	11	0.393027291462
28	12	0.393444846076
28	13	0.403773959326
28	14	0.406145145094
28	15	0.406811627653
28	16	0.422899423927
28	17	0.429951085506
28	18	0.430464267342
28	19	0.451091076814
28	20	0.45487606029
28	21	0.458286101308
28	22	0.459391154415
28	23	0.473358612103
28	24	0.473881023693
28	25	0.47667727341
28	26	0.480831884615
28	27	0.487833035047
28	28	0.5
28	29	0.510682545713
28	30	0.513078474307
28	31	0.515085452307
28	32	0.522894079883
28	33	0.525207883289
28	34	0.533695416166
28	35	0.536071723494
28	36	0.549878725103
28	37	0.555913031908
28	38	0.559591944226
28	39	0.567902462807
28	40	0.588663374099
28	41	0.591815267816
28	42	0.608799165635
28	43	0.62501876131
28	44	0.628650667732
28	45	0.62969292605
28	46	0.644108188633
28	47	0.64765086118
28	48	0.64877520387
28	49	0.652632421981
28	50	0.653734884184
28	51	0.655876137279
28	52	0.657986996053
28	53	0.662382286738
28	54	0.672512518447
28	55	0.674520359743
28	56	0.677023377483
28	57	0.704526752887
28	58	0.741721522025
28	59	0.746616797552
28	60	0.755425299991
28	61	0.762478727208
28	62	0.828629326379
28	63	0.838395844312
29	0	0.217695045642
29	1	0.237975069065
29	2	0.27000002723
29	3	0.278554083009
29	4	0.313345470226
29	5	0.339839688537
29	6	0.35644932337
29	7	0.357429304853
29	8	0.363695302315
29	9	0.363701328584
29	10	0.381817862056
29	11	0.382880096561
29	12	0.383293678518
29	13	0.393529195616
29	14	0.395880165392
29	15	0.396541050976
29	16	0.412505132009
29	17	0.419509464328
29	18	0.420019366084
29	19	0.440532810786
29	20	0.444300910978
29	21	0.447696783113
29	22	0.448797456646
29	23	0.462718507309
29	24	0.463239505203
29	25	0.466028583089
29	26	0.470173768298
29	27	0.477162362599
29	28	0.489317454287
29	29	0.5
29	30	0.502397268294
29	31	0.504405746556
29	32	0.512223492021
29	33	0.514541000228
29	34	0.523046052405
29	35	0.525428371835
29	36	0.539279897727
29	37	0.545338808492
29	38	0.549034258064
29	39	0.557386422894
29	40	0.578277390244
29	41	0.581452282578
29	42	0.598574895369
29	43	0.614950288614
29	44	0.618620208755
29	45	0.6196735877
29	46	0.634252337611
29	47	0.637837955388
29	48	0.638976156306
29	49	0.642881752621
29	50	0.643998280483
29	51	0.646167154864
29	52	0.648305633963
29	53	0.652759683113
29	54	0.663031759795
29	55	0.665068779068
29	56	0.667608664049
29	57	0.695553237782
29	58	0.733450238129
29	59	0.738447001822
29	60	0.747443443443
29	61	0.754652301442
29	62	0.822475102208
29	63	0.832521464577
30	0	0.216066397738
30	1	0.236240516576
30	2	0.268114179963
30	3	0.27663112982
30	4	0.311285970575
30	5	0.337691691481
30	6	0.354252678852
30	7	0.355229954635
30	8	0.361479085773
30	9	0.361485096207
30	10	0.379557086522
30	11	0.380616903988
30	12	0.381029550671
30	13	0.391242963502
30	14	0.393589139019
30	15	0.394248695939
30	16	0.410183219501
30	17	0.417176121947
30	18	0.417685228282
30	19	0.438170799691
30	20	0.441934655548
30	21	0.445326935503
30	22	0.446426492124
30	23	0.460335418904
30	24	0.460856035122
30	25	0.463643158192
30	26	0.467785713476
30	27	0.474770619329
30	28	0.486921525693
30	29	0.497602731706
30	30	0.5
30	31	0.502008563121
30	32	0.509827375612
30	33	0.512145425428
30	34	0.520653348307
30	35	0.523036720688
30	36	0.536896526793
30	37	0.542960217462
30	38	0.546658928496
30	39	0.555019430843
30	40	0.575937120943
30	41	0.579116808599
30	42	0.596268624228
30	43	0.612677220671
30	44	0.616355289775
30	45	0.617411055501
30	46	0.63202503257
30	47	0.635619941227
30	48	0.636761143078
30	49	0.640677226716
30	50	0.64179680663
30	51	0.643971678355
30	52	0.646116159449
30	53	0.65058299238
30	54	0.660886008432
30	55	0.662929404731
30	56	0.665477352932
30	57	0.693518851125
30	58	0.731571358903
30	59	0.736590694772
30	60	0.745628992173
30	61	0.752872517433
30	62	0.821070660607
30	63	0.831180188399
31	0	0.214708639822
31	1	0.234793954354
31	2	0.26654055877
31	3	0.275026304947
31	4	0.309566138835
31	5	0.335897123118
31	6	0.352416931318
31	7	0.353391914555
31	8	0.359626745878
31	9	0.359632742744
31	10	0.377666901502
31	11	0.378724662638
31	12	0.379136513701
31	13	0.389331100846
31	14	0.391673188121
31	15	0.392331611463
31	16	0.40824087083
31	17	0.415223971219
31	18	0.415732394559
31	19	0.436193932287
31	20	0.4399541045
31	21	0.443343259322
31	22	0.444441842618
31	23	0.458340131748
31	24	0.458860410085
31	25	0.461645798357
31	26	0.465786005564
31	27	0.472767576251
31	28	0.484914547693
31	29	0.495594253444
31	30	0.497991436879
31	31	0.5
31	32	0.507819429874
31	33	0.510137851547
31	34	0.518647879487
31	35	0.521032050232
31	36	0.534898308799
31	37	0.540965793798
31	38	0.544667109654
31	39	0.55303431097
31	40	0.573973688969
31	41	0.577157290147
31	42	0.594333022567
31	43	0.610768934126
31	44	0.614453720926
31	45	0.615511455452
31	46	0.63015452695
31	47	0.633757120264
31	48	0.634900805445
31	49	0.638825569213
31	50	0.639947676324
31	51	0.642127514811
31	52	0.644276967936
31	53	0.648754395492
31	54	0.659083075683
31	55	0.661131765391
31	56	0.663686408592
31	57	0.691808507663
31	58	0.729990693913
31	59	0.735028881451
31	60	0.744102151176
31	61	0.751374657299
31	62	0.819887266719
31	63	0.830049816845
32	0	0.209481581897
32	1	0.22922065011
32	2	0.260470194158
32	3	0.268833516009
32	4	0.302920580233
32	5	0.328955622937
32	6	0.345311552662
32	7	0.346277389219
32	8	0.352455119688
32	9	0.352461063048
32	10	0.370343575706
32	11	0.371393066573
32	12	0.371801715885
32	13	0.381920400042
32	14	0.384245957534
32	15	0.384899795434
32	16	0.400706415023
32	17	0.407649418141
32	18	0.408155040218
32	19	0.42851716144
32	20	0.432261893601
32	21	0.435637885037
32	22	0.436732354802
32	23	0.450585090799
32	24	0.451103897437
32	25	0.453881693441
32	26	0.458011509038
32	27	0.464977976935
32	28	0.477105920117
32	29	0.487776507979
32	30	0.490172624388
32	31	0.492180570126
32	32	0.5
32	33	0.502319157053
32	34	0.510834769171
32	35	0.513221317795
32	36	0.52710846885
32	37	0.533188889414
32	38	0.536899231288
32	39	0.545290007868
32	40	0.566307677121
32	41	0.569505598242
32	42	0.586769608448
32	43	0.603307423096
32	44	0.60701739799
32	45	0.608082520731
32	46	0.622835151985
32	47	0.626466779585
32	48	0.627619853264
32	49	0.631577468204
32	50	0.632709146636
32	51	0.634907807348
32	52	0.637076115245
32	53	0.641593758746
32	54	0.652020060961
32	55	0.654088918694
32	56	0.656669083564
32	57	0.685099552059
32	58	0.72378105227
32	59	0.728892075448
32	60	0.738100609796
32	61	0.745485338184
32	62	0.815221738838
32	63	0.825591535499
33	0	0.207949510084
33	1	0.227585775607
33	2	0.258687241051
33	3	0.26701398476
33	4	0.300965304879
33	5	0.326911108692
33	6	0.343217376677
33	7	0.344180435213
33	8	0.350340804033
33	9	0.350346731008
33	10	0.368182964835
33	11	0.36922992328
33	12	0.369637592059
33	13	0.379732981136
33	14	0.382053452362
33	15	0.382705878219
33	16	0.398480768321
33	17	0.405411295422
33	18	0.405916043783
33	19	0.426246911504
33	20	0.429986731562
33	21	0.43335851718
33	22	0.434451668764
33	23	0.448289637965
33	24	0.448807960626
33	25	0.451583250158
33	26	0.455709603609
33	27	0.46267094759
33	28	0.474792116711
33	29	0.485458999772
33	30	0.487854574572
33	31	0.489862148453
33	32	0.497680842947
33	33	0.5
33	34	0.508516468109
33	35	0.51090349805
33	36	0.524795547269
33	37	0.530879239493
33	38	0.534591915061
33	39	0.542988912114
33	40	0.564027904378
33	41	0.567229789475
33	42	0.584518482803
33	43	0.601085140445
33	44	0.604802284497
33	45	0.605869512834
33	46	0.620653479064
33	47	0.624293441748
33	48	0.625449213293
33	49	0.629416276042
33	50	0.630550709724
33	51	0.632754791546
33	52	0.634928533883
33	53	0.639457781255
33	54	0.64991231527
33	55	0.651987015747
33	56	0.654574579143
33	57	0.683094786994
33	58	0.721922591774
33	59	0.72705503497
33	60	0.736303392783
33	61	0.743721201607
33	62	0.813820253375
33	63	0.824251745703
34	0	0.202393911789
34	1	0.22165238125
34	2	0.252207756694
34	3	0.260399197499
34	4	0.293846616743
34	5	0.319459186497
34	6	0.335579070583
34	7	0.336531678898
34	8	0.342626668098
34	9	0.342632533138
34	10	0.360293842322
34	11	0.361331196573
34	12	0.361735145923
34	13	0.371741986245
34	14	0.374043073551
34	15	0.37469011425
34	16	0.390343529848
34	17	0.397225990619
34	18	0.397727364889
34	19	0.417936624493
34	20	0.421657116058
34	21	0.425012286323
34	22	0.426100216238
34	23	0.439879076356
34	24	0.440395436961
34	25	0.443160530771
34	26	0.447272690036
34	27	0.454212704902
34	28	0.466304583834
34	29	0.476953947595
34	30	0.479346651693
34	31	0.481352120513
34	32	0.489165230829
34	33	0.491483531891
34	34	0.5
34	35	0.502387916901
34	36	0.516292841457
34	37	0.522386320175
34	38	0.526106210547
34	39	0.534523001343
34	40	0.555632780564
34	41	0.558848097873
34	42	0.576221471136
34	43	0.592888539
34	44	0.596630805502
34	45	0.597705422941
34	46	0.612599814366
34	47	0.616269276492
34	48	0.617434606461
34	49	0.621435176458
34	50	0.622579391991
34	51	0.624802732338
34	52	0.626995796617
34	53	0.631566352041
34	54	0.642121646965
34	55	0.644217242098
34	56	0.646831282937
34	57	0.675674047358
34	58	0.71503176062
34	59	0.720242101685
34	60	0.729635462702
34	61	0.737173887181
34	62	0.808602923553
34	63	0.819261817486
35	0	0.200856350587
35	1	0.220008872302
35	2	0.250410575035
35	3	0.258563828398
35	4	0.291868533164
35	5	0.317386180101
35	6	0.333452714972
35	7	0.334402324527
35	8	0.340478540013
35	9	0.340484387637
35	10	0.358095286471
35	11	0.359129864688
35	12	0.359532738156
35	13	0.369513924953
35	14	0.371809382166
35	15	0.372454858374
35	16	0.388072845529
35	17	0.394941205976
35	18	0.395441588304
35	19	0.415614852404
35	20	0.419329565436
35	21	0.42267975051
35	22	0.423766110002
35	23	0.437527034924
35	24	0.438042793789
35	25	0.44080475162
35	26	0.444912517001
35	27	0.451845847818
35	28	0.463928276506
35	29	0.474571628165
35	30	0.476963279312
35	31	0.478967949768
35	32	0.486778682205
35	33	0.48909650195
35	34	0.497612083099
35	35	0.5
35	36	0.513907088806
35	37	0.520002680387
35	38	0.523724209542
35	39	0.532145684588
35	40	0.553273172328
35	41	0.556491934781
35	42	0.573887347445
35	43	0.590580989186
35	44	0.594329954249
35	45	0.595406544196
35	46	0.610330560432
35	47	0.614007973396
35	48	0.615175881728
35	49	0.619185503935
35	50	0.620332364581
35	51	0.622560917063
35	52	0.624759215355
35	53	0.629340975178
35	54	0.639923676694
35	55	0.642024967284
35	56	0.644646230231
35	57	0.673577390318
35	58	0.713081494663
35	59	0.71831344614
35	60	0.727747086802
35	61	0.735319063973
35	62	0.807120296687
35	63	0.81784315797
36	0	0.192073427583
36	1	0.210609174863
36	2	0.240111838244
36	3	0.248040728484
36	4	0.280502785645
36	5	0.30545537382
36	6	0.321202143878
36	7	0.322133726368
36	8	0.328096904865
36	9	0.32810264583
36	10	0.345408531128
36	11	0.346426237403
36	12	0.34682257197
36	13	0.356647393526
36	14	0.358908421928
36	15	0.359544320428
36	16	0.374944393383
36	17	0.38172534362
36	18	0.382219559152
36	19	0.402167012129
36	20	0.405845003393
36	21	0.409163368045
36	22	0.410239673627
36	23	0.42388446812
36	24	0.424396279186
36	25	0.42713759395
36	26	0.431216211043
36	27	0.438104560499
36	28	0.450121274897
36	29	0.460720102273
36	30	0.463103473207
36	31	0.465101691201
36	32	0.47289153115
36	33	0.475204452731
36	34	0.483707158543
36	35	0.486092911194
36	36	0.5
36	37	0.506102381772
36	38	0.509830093885
36	39	0.518271268643
36	40	0.53948309158
36	41	0.542719092912
36	42	0.560227808845
36	43	0.577062206819
36	44	0.58084710435
36	45	0.581934305985
36	46	0.597018926326
36	47	0.600739784115
36	48	0.601921810324
36	49	0.605981079525
36	50	0.607142475681
36	51	0.60939970017
36	52	0.611626833384
36	53	0.616270455186
36	54	0.627005161093
36	55	0.629138149485
36	56	0.631799658369
36	57	0.661227082041
36	58	0.701563614566
36	59	0.706919271169
36	60	0.71658394227
36	61	0.72434879346
36	62	0.798309708787
36	63	0.809406717709
37	0	0.188313786033
37	1	0.206579483987
37	2	0.2356861964
37	3	0.243515777385
37	4	0.275602684901
37	5	0.300301310185
37	6	0.315903228741
37	7	0.31682661657
37	8	0.322738326132
37	9	0.322744018087
37	10	0.339910248969
37	11	0.340920192076
37	12	0.34131351729
37	13	0.351066156315
37	14	0.353311233408
37	15	0.353942689741
37	16	0.369241159274
37	17	0.375981008141
37	18	0.376472315081
37	19	0.396312242331
37	20	0.399972512402
37	21	0.403275451628
37	22	0.40434686871
37	23	0.417934559197
37	24	0.418444404106
37	25	0.421175404577
37	26	0.425239350847
37	27	0.432104757583
37	28	0.444086968092
37	29	0.454661191508
37	30	0.457039782538
37	31	0.459034206202
37	32	0.466811110586
37	33	0.469120760507
37	34	0.477613679825
37	35	0.479997319613
37	36	0.493897618228
37	37	0.5
37	38	0.503728606774
37	39	0.512174316532
37	40	0.533412911966
37	41	0.536654933349
37	42	0.554205115765
37	43	0.571093555839
37	44	0.574892518214
37	45	0.575983890376
37	46	0.5911323626
37	47	0.59487069014
37	48	0.59605840901
37	49	0.60013774895
37	50	0.601305036945
37	51	0.603573901818
37	52	0.605812765937
37	53	0.610481632168
37	54	0.621278759792
37	55	0.623424827339
37	56	0.62610297093
37	57	0.655737601815
37	58	0.696427671124
37	59	0.701836324951
37	60	0.711600229968
37	61	0.719448164107
37	62	0.794350670817
37	63	0.805612465532
38	0	0.186044639428
38	1	0.204145595068
38	2	0.233010088139
38	3	0.240778773623
38	4	0.272635013922
38	5	0.297176791547
38	6	0.312688922055
38	7	0.313607222412
38	8	0.319486952408
38	9	0.319492613658
38	10	0.336571851599
38	11	0.337576947886
38	12	0.337968394249
38	13	0.347675901547
38	14	0.349910988972
38	15	0.35053966182
38	16	0.365774318858
38	17	0.37248825654
38	18	0.372977727368
38	19	0.392749492236
38	20	0.39639846369
38	21	0.399691549251
38	22	0.400759839616
38	23	0.414310832446
38	24	0.414819407137
38	25	0.417543735489
38	26	0.421598163236
38	27	0.42844860546
38	28	0.440408055774
38	29	0.450965741936
38	30	0.453341071504
38	31	0.455332890346
38	32	0.463100768712
38	33	0.465408084939
38	34	0.473893789453
38	35	0.476275790458
38	36	0.490169906115
38	37	0.496271393226
38	38	0.5
38	39	0.508447243526
38	40	0.529699105209
38	41	0.532944336917
38	42	0.550517349011
38	43	0.567436453221
38	44	0.571243488437
38	45	0.572337260155
38	46	0.587522714862
38	47	0.591271226317
38	48	0.592462268978
38	49	0.596553344123
38	50	0.597724082204
38	51	0.599999769215
38	52	0.602245516463
38	53	0.606929220006
38	54	0.617763162877
38	55	0.619916964329
38	56	0.622604953511
38	57	0.652362893369
38	58	0.693265254908
38	59	0.698705877129
38	60	0.708529720982
38	61	0.716427913021
38	62	0.791903541347
38	63	0.803266156087
39	0	0.180981615663
39	1	0.198710229757
39	2	0.227025433768
39	3	0.234655633307
39	4	0.265985569469
39	5	0.290167568262
39	6	0.305472850029
39	7	0.306379404456
39	8	0.312185256419
39	9	0.312190847928
39	10	0.329068503133
39	11	0.330062340419
39	12	0.330449419603
39	13	0.340051890791
39	14	0.342263681527
39	15	0.342885861956
39	16	0.357971224957
39	17	0.364624277861
39	18	0.365109427501
39	19	0.384720010173
39	20	0.388342088768
39	21	0.391611668163
39	22	0.392672488802
39	23	0.406135359777
39	24	0.406640866566
39	25	0.409349055547
39	26	0.413380385104
39	27	0.42019430375
39	28	0.432097537193
39	29	0.442613577106
39	30	0.444980569157
39	31	0.44696568903
39	32	0.454709992132
39	33	0.457011087886
39	34	0.465476998657
39	35	0.467854315412
39	36	0.481728731357
39	37	0.487825683468
39	38	0.491552756474
39	39	0.5
39	40	0.521273209438
39	41	0.524524392795
39	42	0.542142039069
39	43	0.559123930018
39	44	0.562947776006
39	45	0.564046559416
39	46	0.579310015669
39	47	0.583080199338
39	48	0.584278328183
39	49	0.588394482309
39	50	0.589572607072
39	51	0.591862920377
39	52	0.594123447997
39	53	0.598839085066
39	54	0.6097526361
39	55	0.611923219802
39	56	0.614632598222
39	57	0.644660388904
39	58	0.686032849979
39	59	0.691544677591
39	60	0.70150226379
39	61	0.709512811488
39	62	0.786279911442
39	63	0.797871214801
40	0	0.168701884382
40	1	0.185500044847
40	2	0.212431907875
40	3	0.219711041667
40	4	0.249696638837
40	5	0.272948418717
40	6	0.287713589362
40	7	0.288589339245
40	8	0.294201061725
40	9	0.294206468883
40	10	0.310550840493
40	11	0.311514718189
40	12	0.311890172261
40	13	0.321212063561
40	14	0.323361356809
40	15	0.323966100392
40	16	0.338648055667
40	17	0.345135036049
40	18	0.345608359525
40	19	0.364773307186
40	20	0.368320008927
40	21	0.371523407438
40	22	0.372563135138
40	23	0.385774493283
40	24	0.386271141196
40	25	0.388932591894
40	26	0.392896603615
40	27	0.399602880483
40	28	0.411336625901
40	29	0.421722609756
40	30	0.424062879057
40	31	0.426026311031
40	32	0.433692322879
40	33	0.435972095622
40	34	0.444367219436
40	35	0.446726827672
40	36	0.46051690842
40	37	0.466587088034
40	38	0.470300894791
40	39	0.478726790562
40	40	0.5
40	41	0.503257982306
40	42	0.520943934285
40	43	0.538042111309
40	44	0.541898994671
40	45	0.543007737993
40	46	0.558431141493
40	47	0.56224704735
40	48	0.5634602226
40	49	0.567629967723
40	50	0.568823973084
40	51	0.571145849255
40	52	0.573438423874
40	53	0.578223776558
40	54	0.589313540439
40	55	0.59152165022
40	56	0.59427902535
40	57	0.624924951054
40	58	0.667409747417
40	59	0.673092720273
40	60	0.68337324526
40	61	0.691656461057
40	62	0.771623552248
40	63	0.783791177163
41	0	0.166882123055
41	1	0.183539091271
41	2	0.210259746678
41	3	0.217485004266
41	4	0.247263068471
41	5	0.27036989251
41	6	0.285050265873
41	7	0.285921161848
41	8	0.291502261339
41	9	0.291507640048
41	10	0.307767458423
41	11	0.308726566335
41	12	0.309100168007
41	13	0.318377253985
41	14	0.32051653452
41	15	0.321118483512
41	16	0.33573547689
41	17	0.342195533234
41	18	0.342666934827
41	19	0.361758943118
41	20	0.365293190362
41	21	0.368485619357
41	22	0.369521843801
41	23	0.382691134972
41	24	0.383186289808
41	25	0.385839847759
41	26	0.38979244519
41	27	0.396480339687
41	28	0.408184732184
41	29	0.418547717422
41	30	0.420883191401
41	31	0.422842709853
41	32	0.430494401758
41	33	0.432770210525
41	34	0.441151902127
41	35	0.443508065219
41	36	0.457280907088
41	37	0.463345066651
41	38	0.467055663083
41	39	0.475475607205
41	40	0.496742017694
41	41	0.5
41	42	0.517690780483
41	43	0.534801382074
41	44	0.538662123082
41	45	0.539772046765
41	46	0.555215204395
41	47	0.559036956046
41	48	0.560252068926
41	49	0.564428769545
41	50	0.565624849931
41	51	0.567950868497
41	52	0.570247671494
41	53	0.57504229271
41	54	0.58615583751
41	55	0.588369066376
41	56	0.591133012473
41	57	0.621865367399
41	58	0.664510673455
41	59	0.670218705084
41	60	0.680546716501
41	61	0.688870211257
41	62	0.769318898635
41	63	0.781574554805
42	0	0.157270324519
42	1	0.173167323261
42	2	0.198745563246
42	3	0.205678199453
42	4	0.234323762229
42	5	0.256633656556
42	6	0.270845050014
42	7	0.271689039854
42	8	0.277100134687
42	9	0.277105350859
42	10	0.292893936993
42	11	0.293826367313
42	12	0.294189612119
42	13	0.303215584198
42	14	0.305298620051
42	15	0.30588485396
42	16	0.320135418981
42	17	0.326442819895
42	18	0.326903305264
42	19	0.345578767133
42	20	0.349041387865
42	21	0.352170593819
42	22	0.353186598095
42	23	0.366111779016
42	24	0.366598221544
42	25	0.369205666721
42	26	0.373091378027
42	27	0.379671014498
42	28	0.391200834365
42	29	0.401425104631
42	30	0.403731375772
42	31	0.405666977433
42	32	0.413230391552
42	33	0.415481517197
42	34	0.423778528864
42	35	0.426112652555
42	36	0.439772191155
42	37	0.445794884235
42	38	0.449482650989
42	39	0.457857960931
42	40	0.479056065715
42	41	0.482309219517
42	42	0.5
42	43	0.517152843225
42	44	0.521028874339
42	45	0.522143587148
42	46	0.537671614113
42	47	0.541519629356
42	48	0.542743531185
42	49	0.546952052028
42	50	0.548157705494
42	51	0.550502927356
42	52	0.552819453767
42	53	0.557657687758
42	54	0.568885025103
42	55	0.571123037165
42	56	0.573918924503
42	57	0.605080758317
42	58	0.648549197003
42	59	0.654387555331
42	60	0.664963518244
42	61	0.673498242478
42	62	0.756516776033
42	63	0.769248577978
43	0	0.148385744307
43	1	0.1635589811
43	2	0.188040755362
43	3	0.194690717868
43	4	0.222234149135
43	5	0.243759440396
43	6	0.257504869214
43	7	0.258322015871
43	8	0.263563228883
43	9	0.263568283442
43	10	0.278883126869
43	11	0.279788602779
43	12	0.28014137751
43	13	0.288912766732
43	14	0.290938571356
43	15	0.291508802074
43	16	0.305384280678
43	17	0.311534226348
43	18	0.311983422385
43	19	0.330224702454
43	20	0.333611905904
43	21	0.336674326559
43	22	0.337668926652
43	23	0.350333807671
43	24	0.350810888383
43	25	0.353368689714
43	26	0.357182103692
43	27	0.363643918204
43	28	0.37498123869
43	29	0.385049711386
43	30	0.387322779329
43	31	0.389231065874
43	32	0.396692576904
43	33	0.398914859555
43	34	0.407111461
43	35	0.409419010814
43	36	0.422937793181
43	37	0.428906444161
43	38	0.432563546779
43	39	0.440876069982
43	40	0.461957888691
43	41	0.465198617926
43	42	0.482847156775
43	43	0.5
43	44	0.503881631749
43	45	0.50499833791
43	46	0.52057194349
43	47	0.52443639873
43	48	0.525665958283
43	49	0.529895515579
43	50	0.531107647068
43	51	0.533466046472
43	52	0.535796337009
43	53	0.540665717032
43	54	0.551977844734
43	55	0.55423485208
43	56	0.557055448273
43	57	0.588566455999
43	58	0.632749357215
43	59	0.638703967362
43	60	0.649502803664
43	61	0.658228949431
43	62	0.743652203775
43	63	0.756840481212
44	0	0.146434351985
44	1	0.161445875632
44	2	0.185681571489
44	3	0.192267857918
44	4	0.219561974492
44	5	0.240908613518
44	6	0.254547394255
44	7	0.255358385574
44	8	0.260560590867
44	9	0.260565607236
44	10	0.275771313945
44	11	0.276670561649
44	12	0.277020918128
44	13	0.285733384105
44	14	0.287745918194
44	15	0.288312434509
44	16	0.302100643894
44	17	0.308213803976
44	18	0.308660358843
44	19	0.326799630227
44	20	0.330169020231
44	21	0.333215641237
44	22	0.334205172311
44	23	0.346808162757
44	24	0.347283008696
44	25	0.349828949411
44	26	0.353625054195
44	27	0.36005856318
44	28	0.371349332268
44	29	0.381379791245
44	30	0.383644710225
44	31	0.385546279074
44	32	0.39298260201
44	33	0.395197715503
44	34	0.403369194498
44	35	0.405670045751
44	36	0.41915289565
44	37	0.425107481786
44	38	0.428756511563
44	39	0.437052223994
44	40	0.458101005329
44	41	0.461337876918
44	42	0.478971125661
44	43	0.496118368251
44	44	0.5
44	45	0.501116792814
44	46	0.516695644202
44	47	0.520562568375
44	48	0.521793011125
44	49	0.526025964223
44	50	0.527239171654
44	51	0.529599795045
44	52	0.531932452947
44	53	0.536807325125
44	54	0.548135059125
44	55	0.550395656763
44	56	0.553220963106
44	57	0.584801436296
44	58	0.629133887019
44	59	0.635113314157
44	60	0.645959982055
44	61	0.654727442362
44	62	0.740681085393
44	63	0.753971646827
45	0	0.145876873413
45	1	0.160842017657
45	2	0.185007063356
45	3	0.191575053831
45	4	0.218797461177
45	5	0.240092636107
45	6	0.253700662061
45	7	0.254509874963
45	8	0.259700824527
45	9	0.259705831026
45	10	0.274880014675
45	11	0.275777463737
45	12	0.276127120118
45	13	0.284822551051
45	14	0.286831244596
45	15	0.287396687852
45	16	0.301159634738
45	17	0.307262136752
45	18	0.307707926068
45	19	0.325817605178
45	20	0.32918182114
45	21	0.332223849566
45	22	0.333211906659
45	23	0.345796896089
45	24	0.346271091509
45	25	0.34881357768
45	26	0.352604639736
45	27	0.359029895223
45	28	0.37030707395
45	29	0.3803264123
45	30	0.382588944499
45	31	0.384488544548
45	32	0.391917479269
45	33	0.394130487166
45	34	0.402294577059
45	35	0.404593455804
45	36	0.418065694015
45	37	0.424016109624
45	38	0.427662739845
45	39	0.435953440584
45	40	0.456992262007
45	41	0.460227953235
45	42	0.477856412852
45	43	0.49500166209
45	44	0.498883207186
45	45	0.5
45	46	0.515580013677
45	47	0.51944756222
45	48	0.520678231401
45	49	0.524912067898
45	50	0.526125557871
45	51	0.52848676903
45	52	0.530820056674
45	53	0.535696401868
45	54	0.547028379223
45	55	0.549289961038
45	56	0.552116561257
45	57	0.583716357974
45	58	0.628090986145
45	59	0.634077447346
45	60	0.64493769352
45	61	0.653716899027
45	62	0.739822141297
45	63	0.753142053583
46	0	0.138279657992
46	1	0.152604672176
46	2	0.17579138892
46	3	0.182105313859
46	4	0.208328856876
46	5	0.228903692772
46	6	0.242079571163
46	7	0.242863781798
46	8	0.247896183137
46	9	0.247901037168
46	10	0.26263018115
46	11	0.263502168231
46	12	0.263841932023
46	13	0.272296019345
46	14	0.274250249029
46	15	0.274800445924
46	16	0.288204142559
46	17	0.294154622742
46	18	0.29458948218
46	19	0.31227535315
46	20	0.315565189495
46	21	0.318541138619
46	22	0.319507973486
46	23	0.331832959117
46	24	0.332297732068
46	25	0.334790163363
46	26	0.338508041839
46	27	0.344813240513
46	28	0.355891811367
46	29	0.365747662389
46	30	0.36797496743
46	31	0.36984547305
46	32	0.377164848015
46	33	0.379346520936
46	34	0.387400185634
46	35	0.389669439568
46	36	0.402981073674
46	37	0.4088676374
46	38	0.412477285138
46	39	0.420689984331
46	40	0.441568858507
46	41	0.444784795605
46	42	0.462328385887
46	43	0.47942805651
46	44	0.483304355798
46	45	0.484419986323
46	46	0.5
46	47	0.503872241462
46	48	0.50510479601
46	49	0.509346564766
46	50	0.510562741754
46	51	0.512929709259
46	52	0.515269370777
46	53	0.52016123864
46	54	0.531540805129
46	55	0.533813814394
46	56	0.53665560105
46	57	0.568493689067
46	58	0.61341633258
46	59	0.61949590666
46	60	0.630536755143
46	61	0.639472985372
46	62	0.727644438528
46	63	0.741369847089
47	0	0.136444299661
47	1	0.150612412784
47	2	0.173558423795
47	3	0.179809644149
47	4	0.205785781481
47	5	0.226181215205
47	6	0.239249008216
47	7	0.240026952557
47	8	0.245019595056
47	9	0.245024411449
47	10	0.259641643124
47	11	0.260507213606
47	12	0.260844483023
47	13	0.269237652671
47	14	0.271178111783
47	15	0.271724453401
47	16	0.285037085738
47	17	0.290948904737
47	18	0.291380981401
47	19	0.308958594881
47	20	0.312229352903
47	21	0.315188329801
47	22	0.31614970918
47	23	0.328407669427
47	24	0.328870006209
47	25	0.331349485959
47	26	0.335048400251
47	27	0.341322408584
47	28	0.35234913882
47	29	0.362162044612
47	30	0.364380058773
47	31	0.366242879736
47	32	0.373533220415
47	33	0.375706558252
47	34	0.383730723508
47	35	0.385992026604
47	36	0.399260215885
47	37	0.40512930986
47	38	0.408728773683
47	39	0.416919800662
47	40	0.43775295265
47	41	0.440963043954
47	42	0.458480370644
47	43	0.47556360127
47	44	0.479437431625
47	45	0.48055243778
47	46	0.496127758538
47	47	0.5
47	48	0.501232651943
47	49	0.505475115907
47	50	0.506691595025
47	51	0.509059282046
47	52	0.511399825439
47	53	0.516294085462
47	54	0.527682087482
47	55	0.529957262992
47	56	0.532801983289
47	57	0.564690077454
47	58	0.609736866585
47	59	0.61583806646
47	60	0.626921133403
47	61	0.63589431606
47	62	0.724564005176
47	63	0.738388839616
48	0	0.135864378186
48	1	0.149982733066
48	2	0.172852333123
48	3	0.179083633417
48	4	0.204981099487
48	5	0.22531940472
48	6	0.238352744846
48	7	0.239128688671
48	8	0.244108650548
48	9	0.244113455953
48	10	0.258694963054
48	11	0.259558485356
48	12	0.259894957017
48	13	0.268268664096
48	14	0.27020471987
48	15	0.270749830404
48	16	0.284033335431
48	17	0.289932778706
48	18	0.290363964272
48	19	0.307906885876
48	20	0.311171523559
48	21	0.314125052385
48	22	0.315084680025
48	23	0.327321113393
48	24	0.3277826672
48	25	0.3302579824
48	26	0.3339507975
48	27	0.340214767334
48	28	0.35122479613
48	29	0.361023843694
48	30	0.363238856922
48	31	0.365099194555
48	32	0.372380146736
48	33	0.374550786707
48	34	0.382565393539
48	35	0.384824118272
48	36	0.398078189676
48	37	0.40394159099
48	38	0.407537731022
48	39	0.415721671817
48	40	0.4365397774
48	41	0.439747931074
48	42	0.457256468815
48	43	0.474334041717
48	44	0.478206988875
48	45	0.479321768599
48	46	0.49489520399
48	47	0.498767348057
48	48	0.5
48	49	0.504242578516
48	50	0.505459123184
48	51	0.507826979712
48	52	0.510167745024
48	53	0.515062643695
48	54	0.526453046376
48	55	0.528728854886
48	56	0.53157443819
48	57	0.563477673029
48	58	0.608562955405
48	59	0.614670908963
48	60	0.625767186818
48	61	0.634751954514
48	62	0.723578908225
48	63	0.73743527018
49	0	0.133884210782
49	1	0.147831997988
49	2	0.170439408713
49	3	0.176602295104
49	4	0.202229328611
49	5	0.222370971485
49	6	0.235285561013
49	7	0.236054615445
49	8	0.240990834174
49	9	0.240995597273
49	10	0.255453807064
49	11	0.256310250522
49	12	0.256643971424
49	13	0.264950430322
49	14	0.266871273571
49	15	0.267412122695
49	16	0.280594881589
49	17	0.286451480673
49	18	0.286879580645
49	19	0.304302257925
49	20	0.307545660171
49	21	0.310480286679
49	22	0.311433835997
49	23	0.32359547295
49	24	0.324054304011
49	25	0.32651514001
49	26	0.330186736926
49	27	0.336415765161
49	28	0.347367578019
49	29	0.357118247379
49	30	0.359322773284
49	31	0.361174430787
49	32	0.368422531796
49	33	0.370583723958
49	34	0.378564823542
49	35	0.380814496065
49	36	0.394018920475
49	37	0.39986225105
49	38	0.403446655877
49	39	0.411605517691
49	40	0.432370032277
49	41	0.435571230455
49	42	0.453047947972
49	43	0.470104484421
49	44	0.473974035777
49	45	0.475087932102
49	46	0.490653435234
49	47	0.494524884093
49	48	0.495757421484
49	49	0.5
49	50	0.5012166574
49	51	0.503584877379
49	52	0.505926189083
49	53	0.510822831697
49	54	0.52222044293
49	55	0.524498220092
49	56	0.527346512688
49	57	0.559298973383
49	58	0.604512925935
49	59	0.610643643385
49	60	0.621784534127
49	61	0.630808506494
49	62	0.720171706448
49	63	0.734136108345
50	0	0.133320883751
50	1	0.147219960391
50	2	0.16975241859
50	3	0.17589573171
50	4	0.201445318669
50	5	0.221530558248
50	6	0.234411053021
50	7	0.235178127215
50	8	0.240101778717
50	9	0.240106530244
50	10	0.254529287819
50	11	0.255383695402
50	12	0.255716624274
50	13	0.264003729079
50	14	0.265920191156
50	15	0.266459813927
50	16	0.279613544704
50	17	0.285457788772
50	18	0.285884998656
50	19	0.303272961665
50	20	0.306510226644
50	21	0.309439387436
50	22	0.310391178699
50	23	0.32253117206
50	24	0.32298921468
50	25	0.325445856375
50	26	0.329111305089
50	27	0.335330201632
50	28	0.346265115816
50	29	0.356001719517
50	30	0.35820319337
50	31	0.360052323676
50	32	0.367290853364
50	33	0.369449290276
50	34	0.377420608009
50	35	0.379667635419
50	36	0.392857524319
50	37	0.398694963055
50	38	0.402275917796
50	39	0.410427392928
50	40	0.431176026916
50	41	0.434375150069
50	42	0.451842294506
50	43	0.468892352932
50	44	0.472760828346
50	45	0.473874442129
50	46	0.489437258246
50	47	0.493308404975
50	48	0.494540876816
50	49	0.4987833426
50	50	0.5
50	51	0.502368261291
50	52	0.504709667507
50	53	0.509606680283
50	54	0.521006057146
50	55	0.523284338816
50	56	0.526133333269
50	57	0.558099082688
50	58	0.603348834491
50	59	0.60948593976
50	60	0.620639377284
50	61	0.629674399539
50	62	0.719189909516
50	63	0.733185154584
51	0	0.132230096156
51	1	0.146034616331
51	2	0.168421484163
51	3	0.174526755927
51	4	0.199925733939
51	5	0.219901184835
51	6	0.232715263022
51	7	0.233478480606
51	8	0.238377638903
51	9	0.238382366878
51	10	0.252736003206
51	11	0.253586438628
51	12	0.253917823629
51	13	0.262167167541
51	14	0.26407508136
51	15	0.264612309401
51	16	0.277709366399
51	17	0.2835294752
51	18	0.283954946046
51	19	0.301275044792
51	20	0.304500303826
51	21	0.307418771709
51	22	0.308367123283
51	23	0.320464739957
51	24	0.32092123808
51	25	0.323369663755
51	26	0.32702306509
51	27	0.333222101341
51	28	0.344123862721
51	29	0.353832845136
51	30	0.356028321645
51	31	0.357872485189
51	32	0.365092192652
51	33	0.367245208454
51	34	0.375197267662
51	35	0.377439082937
51	36	0.39060029983
51	37	0.396426098182
51	38	0.400000230785
51	39	0.408137079623
51	40	0.428854150745
51	41	0.432049131503
51	42	0.449497072644
51	43	0.466533953528
51	44	0.470400204955
51	45	0.47151323097
51	46	0.487070290741
51	47	0.490940717954
51	48	0.492173020288
51	49	0.496415122621
51	50	0.497631738709
51	51	0.5
51	52	0.502341510681
51	53	0.50723907778
51	54	0.518641505341
51	55	0.520920692059
51	56	0.523770956766
51	57	0.555761511128
51	58	0.601079532907
51	59	0.60722889264
51	60	0.618406433534
51	61	0.627462714882
51	62	0.717272792683
51	63	0.731327890536
52	0	0.131159076014
52	1	0.144870450545
52	2	0.167113777818
52	3	0.173181517402
52	4	0.19843178324
52	5	0.21829869456
52	6	0.23104704926
52	7	0.231806448941
52	8	0.236681355397
52	9	0.236686060032
52	10	0.250971214729
52	11	0.251817712751
52	12	0.252147567355
52	13	0.260359468641
52	14	0.26225890329
52	15	0.262793755724
52	16	0.275834564498
52	17	0.281630702183
52	18	0.282054445399
52	19	0.299307076909
52	20	0.302520389667
52	21	0.305428214872
52	22	0.306373142314
52	23	0.3184285479
52	24	0.3188835066
52	25	0.321323742061
52	26	0.324965130028
52	27	0.331144351581
52	28	0.342013003947
52	29	0.351694366037
52	30	0.353883840551
52	31	0.355723032064
52	32	0.362923884755
52	33	0.365071466117
52	34	0.373004203383
52	35	0.375240784645
52	36	0.388373166616
52	37	0.394187234063
52	38	0.397754483537
52	39	0.405876552003
52	40	0.426561576126
52	41	0.429752328506
52	42	0.447180546233
52	43	0.464203662991
52	44	0.468067547053
52	45	0.469179943326
52	46	0.484730629223
52	47	0.488600174561
52	48	0.489832254976
52	49	0.494073810917
52	50	0.495290332493
52	51	0.497658489319
52	52	0.5
52	53	0.504897899184
52	54	0.516302841077
52	55	0.518582822555
52	56	0.52143421819
52	57	0.553447914371
52	58	0.598831587569
52	59	0.604992827416
52	60	0.61619378173
52	61	0.625270755033
52	62	0.715369556172
52	63	0.729483585185
53	0	0.128942506099
53	1	0.142460154447
53	2	0.164404555857
53	3	0.170394050772
53	4	0.195333913125
53	5	0.214973848745
53	6	0.227584566362
53	7	0.228335965182
53	8	0.233160038997
53	9	0.233164694925
53	10	0.247306176362
53	11	0.248144407811
53	12	0.248471048814
53	13	0.256604297815
53	14	0.258485911109
53	15	0.259015770294
53	16	0.271938257525
53	17	0.277683916402
53	18	0.278104020195
53	19	0.295214373175
53	20	0.298402459357
53	21	0.301287801069
53	22	0.302225492798
53	23	0.314191620114
53	24	0.314643319833
53	25	0.317066212342
53	26	0.320682149888
53	27	0.326819360348
53	28	0.337617713262
53	29	0.347240316887
53	30	0.34941700762
53	31	0.351245604508
53	32	0.358406241254
53	33	0.360542218745
53	34	0.368433647959
53	35	0.370659024822
53	36	0.383729544814
53	37	0.389518367832
53	38	0.393070779994
53	39	0.401160914934
53	40	0.421776223442
53	41	0.42495770729
53	42	0.442342312242
53	43	0.459334282968
53	44	0.463192674875
53	45	0.464303598132
53	46	0.47983876136
53	47	0.483705914538
53	48	0.484937356305
53	49	0.489177168303
53	50	0.490393319717
53	51	0.49276092222
53	52	0.495102100816
53	53	0.5
53	54	0.51140858578
53	55	0.513689907418
53	56	0.516543266025
53	57	0.548600906633
53	58	0.594115922063
53	59	0.600301245628
53	60	0.61154981696
53	61	0.620669008214
53	62	0.711363491207
53	63	0.72559997215
54	0	0.123902368871
54	1	0.136974724076
54	2	0.158230066966
54	3	0.164038775824
54	4	0.188259529313
54	5	0.207371478025
54	6	0.219661015073
54	7	0.220393718723
54	8	0.22509894232
54	9	0.225103484045
54	10	0.23890837393
54	11	0.239727206411
54	12	0.240046305552
54	13	0.247994785321
54	14	0.249834484793
54	15	0.250352596607
54	16	0.262996276169
54	17	0.268622711103
54	18	0.269034212252
54	19	0.285807471501
54	20	0.288935617397
54	21	0.291767489229
54	22	0.292687963292
54	23	0.304441224803
54	24	0.304885138513
54	25	0.307266577691
54	26	0.31082162103
54	27	0.31685814273
54	28	0.327487481553
54	29	0.336968240205
54	30	0.339113991568
54	31	0.340916924317
54	32	0.347979939039
54	33	0.35008768473
54	34	0.357878353035
54	35	0.360076323306
54	36	0.372994838907
54	37	0.378721240208
54	38	0.382236837123
54	39	0.3902473639
54	40	0.410686459561
54	41	0.41384416249
54	42	0.431114974897
54	43	0.448022155266
54	44	0.451864940875
54	45	0.452971620777
54	46	0.468459194871
54	47	0.472317912518
54	48	0.473546953624
54	49	0.47777955707
54	50	0.478993942854
54	51	0.481358494659
54	52	0.483697158923
54	53	0.48859141422
54	54	0.5
54	55	0.502282747741
54	56	0.505138559522
54	57	0.537274991783
54	58	0.583064089476
54	59	0.589301408549
54	60	0.600653608395
54	61	0.609865412487
54	62	0.701902340958
54	63	0.716419447243
55	0	0.122914587054
55	1	0.13589889176
55	2	0.157017663877
55	3	0.162790472063
55	4	0.186868111573
55	5	0.205874630457
55	6	0.21809986793
55	7	0.218828824844
55	8	0.223510217219
55	9	0.223514735964
55	10	0.237252024446
55	11	0.238066955494
55	12	0.238384537797
55	13	0.246295825627
55	14	0.248127080541
55	15	0.24864282489
55	16	0.261230245314
55	17	0.266832577351
55	18	0.267242338237
55	19	0.283947277547
55	20	0.287063247133
55	21	0.289884249409
55	22	0.290801221813
55	23	0.302511122282
55	24	0.302953447435
55	25	0.305326425903
55	26	0.308869030491
55	27	0.314884957103
55	28	0.325479640257
55	29	0.334931220932
55	30	0.337070595269
55	31	0.338868234609
55	32	0.345911081306
55	33	0.348012984253
55	34	0.355782757902
55	35	0.357975032716
55	36	0.370861850515
55	37	0.376575172661
55	38	0.380083035671
55	39	0.388076780198
55	40	0.40847834978
55	41	0.411630933624
55	42	0.428876962835
55	43	0.44576514792
55	44	0.449604343237
55	45	0.450710038962
55	46	0.466186185606
55	47	0.470042737008
55	48	0.471271145114
55	49	0.475501779908
55	50	0.476715661184
55	51	0.479079307941
55	52	0.481417177445
55	53	0.486310092582
55	54	0.497717252259
55	55	0.5
55	56	0.502855945765
55	57	0.535004157888
55	58	0.580842657293
55	59	0.587089674543
55	60	0.598461353097
55	61	0.607690697689
55	62	0.69998828512
55	63	0.714560697786
56	0	0.121688309771
56	1	0.134562948939
56	2	0.155511477129
56	3	0.161239502025
56	4	0.185138472382
56	5	0.204013206109
56	6	0.216157996546
56	7	0.216882262535
56	8	0.221533822548
56	9	0.221538313172
56	10	0.235190922181
56	11	0.236000964627
56	12	0.236316645237
56	13	0.244181308896
56	14	0.2460019727
56	15	0.246514748728
56	16	0.259031577296
56	17	0.264603645457
56	18	0.265011220699
56	19	0.281630298669
56	20	0.284730952656
56	21	0.287538278352
56	22	0.288450843958
56	23	0.300106150829
56	24	0.300546474784
56	25	0.30290879248
56	26	0.30643571995
56	27	0.312425676448
56	28	0.322976622517
56	29	0.332391335951
56	30	0.334522647068
56	31	0.336313591408
56	32	0.343330916436
56	33	0.345425420857
56	34	0.353168717063
56	35	0.355353769769
56	36	0.368200341631
56	37	0.37389702907
56	38	0.377395046489
56	39	0.385367401778
56	40	0.40572097465
56	41	0.408866987527
56	42	0.426081075497
56	43	0.442944551727
56	44	0.446779036894
56	45	0.447883438743
56	46	0.46334439895
56	47	0.467198016711
56	48	0.46842556181
56	49	0.472653487312
56	50	0.473866666731
56	51	0.476229043234
56	52	0.47856578181
56	53	0.483456733975
56	54	0.494861440478
56	55	0.497144054235
56	56	0.5
56	57	0.532161072866
56	58	0.578058801408
56	59	0.584317615932
56	60	0.595713065786
56	61	0.604963882657
56	62	0.697583744
56	63	0.712224935992
57	0	0.108576876556
57	1	0.120254251808
57	2	0.139333859042
57	3	0.144568014484
57	4	0.16648641359
57	5	0.183888707275
57	6	0.195129176426
57	7	0.195800583738
57	8	0.200115536387
57	9	0.200119704205
57	10	0.212813205733
57	11	0.213567696865
57	12	0.213861770234
57	13	0.221195581972
57	14	0.222895402932
57	15	0.223374283152
57	16	0.235082731279
57	17	0.240306708208
57	18	0.240689107254
57	19	0.256314833139
57	20	0.259237351933
57	21	0.261885352392
57	22	0.262746527906
57	23	0.27376281304
57	24	0.274179626883
57	25	0.276416600565
57	26	0.279758858626
57	27	0.285441967929
57	28	0.295473247113
57	29	0.304446762218
57	30	0.306481148875
57	31	0.308191492337
57	32	0.314900447941
57	33	0.316905213006
57	34	0.324325952642
57	35	0.326422609682
57	36	0.338772917959
57	37	0.344262398185
57	38	0.347637106631
57	39	0.355339611096
57	40	0.375075048946
57	41	0.378134632601
57	42	0.394919241683
57	43	0.411433544001
57	44	0.415198563704
57	45	0.416283642026
57	46	0.431506310933
57	47	0.435309922546
57	48	0.436522326971
57	49	0.440701026617
57	50	0.441900917312
57	51	0.444238488872
57	52	0.446552085629
57	53	0.451399093367
57	54	0.462725008217
57	55	0.464995842112
57	56	0.467838927134
57	57	0.5
57	58	0.546363300287
57	59	0.552728487793
57	60	0.564344259737
57	61	0.573799322176
57	62	0.669737050821
57	63	0.685117863106
58	0	0.0918420365408
58	1	0.101925382056
58	2	0.118488593767
58	3	0.123051641818
58	4	0.142250344982
58	5	0.157598312048
58	6	0.167561694942
58	7	0.168158064552
58	8	0.171994129293
58	9	0.17199783751
58	10	0.183316382731
58	11	0.183990741004
58	12	0.184253629817
58	13	0.190818560881
58	14	0.192342596041
58	15	0.192772118433
58	16	0.203296405698
58	17	0.208006111352
58	18	0.208351207345
58	19	0.222492696755
58	20	0.225146324227
58	21	0.227553069438
58	22	0.228336272516
58	23	0.238376303777
58	24	0.238756953019
58	25	0.240800802174
58	26	0.243857549084
58	27	0.249063547595
58	28	0.258278477975
58	29	0.266549761871
58	30	0.268428641097
58	31	0.270009306087
58	32	0.27621894773
58	33	0.278077408226
58	34	0.28496823938
58	35	0.286918505337
58	36	0.298436385434
58	37	0.303572328876
58	38	0.306734745092
58	39	0.313967150021
58	40	0.332590252583
58	41	0.335489326545
58	42	0.351450802997
58	43	0.367250642785
58	44	0.370866112981
58	45	0.371909013855
58	46	0.38658366742
58	47	0.390263133415
58	48	0.391437044595
58	49	0.395487074065
58	50	0.396651165509
58	51	0.398920467093
58	52	0.401168412431
58	53	0.405884077937
58	54	0.416935910524
58	55	0.419157342707
58	56	0.421941198592
58	57	0.453636699713
58	58	0.5
58	59	0.506428045078
58	60	0.518198114761
58	61	0.527816730678
58	62	0.62738356598
58	63	0.643687453803
59	0	0.0897197313166
59	1	0.0995956225498
59	2	0.115829069388
59	3	0.120303675954
59	4	0.13914166373
59	5	0.154214524623
59	6	0.164005633215
59	7	0.164591847963
59	8	0.16836302586
59	9	0.168366672176
59	10	0.179498064511
59	11	0.180161475702
59	12	0.180420102417
59	13	0.18687973707
59	14	0.188379636357
59	15	0.188802378431
59	16	0.199163411479
59	17	0.20380186236
59	18	0.20414178109
59	19	0.218076267663
59	20	0.220692172496
59	21	0.223065010271
59	22	0.223837241997
59	23	0.233739371734
59	24	0.234114892636
59	25	0.236131329923
59	26	0.239147473615
59	27	0.244285403902
59	28	0.253383202448
59	29	0.261552998178
59	30	0.263409305228
59	31	0.264971118549
59	32	0.271107924552
59	33	0.27294496503
59	34	0.279757898315
59	35	0.28168655386
59	36	0.293080728831
59	37	0.298163675049
59	38	0.301294122871
59	39	0.308455322409
59	40	0.326907279727
59	41	0.329781294916
59	42	0.345612444669
59	43	0.361296032638
59	44	0.364886685843
59	45	0.365922552654
59	46	0.38050409334
59	47	0.38416193354
59	48	0.385329091037
59	49	0.389356356615
59	50	0.39051406024
59	51	0.39277110736
59	52	0.395007172584
59	53	0.399698754372
59	54	0.410698591451
59	55	0.412910325457
59	56	0.415682384068
59	57	0.447271512207
59	58	0.493571954922
59	59	0.5
59	60	0.511775579647
59	61	0.521403994422
59	62	0.621352989411
59	63	0.637768396594
60	0	0.0859458118665
60	1	0.0954498483686
60	2	0.111090932255
60	3	0.115406390293
60	4	0.133593983998
60	5	0.148169316632
60	6	0.157648152949
60	7	0.15821594502
60	8	0.161869341602
60	9	0.161872874353
60	10	0.172664074135
60	11	0.17330756205
60	12	0.173558433005
60	13	0.179826300089
60	14	0.181282210161
60	15	0.181692590044
60	16	0.191755684979
60	17	0.196263893197
60	18	0.196594343804
60	19	0.210149685708
60	20	0.212696372256
60	21	0.215006959841
60	22	0.2157590425
60	23	0.225407590628
60	24	0.225773669823
60	25	0.227739627132
60	26	0.23068095218
60	27	0.235693332516
60	28	0.244574700009
60	29	0.252556556557
60	30	0.254371007827
60	31	0.255897848824
60	32	0.261899390204
60	33	0.263696607217
60	34	0.270364537298
60	35	0.272252913198
60	36	0.28341605773
60	37	0.288399770032
60	38	0.291470279018
60	39	0.29849773621
60	40	0.31662675474
60	41	0.319453283499
60	42	0.335036481756
60	43	0.350497196336
60	44	0.354040017945
60	45	0.35506230648
60	46	0.369463244857
60	47	0.373078866597
60	48	0.374232813182
60	49	0.378215465873
60	50	0.379360622716
60	51	0.381593566466
60	52	0.38380621827
60	53	0.38845018304
60	54	0.399346391605
60	55	0.401538646903
60	56	0.404286934214
60	57	0.435655740263
60	58	0.481801885239
60	59	0.488224420353
60	60	0.5
60	61	0.509638131714
60	62	0.610207355876
60	63	0.626815751093
61	0	0.08296474541
61	1	0.0921723719981
61	2	0.107340118151
61	3	0.111528152259
61	4	0.1291938153
61	5	0.143368521375
61	6	0.152595253063
61	7	0.153148155643
61	8	0.156706315056
61	9	0.156709755938
61	10	0.167225433821
61	11	0.167852764791
61	12	0.16809734551
61	13	0.174209564394
61	14	0.175629738436
61	15	0.176030073293
61	16	0.185850776397
61	17	0.190252837292
61	18	0.190575566838
61	19	0.203821192656
61	20	0.206311219774
61	21	0.208570819685
61	22	0.20930639212
61	23	0.21874686958
61	24	0.219105191121
61	25	0.221029659071
61	26	0.223909449489
61	27	0.228818457187
61	28	0.237521272792
61	29	0.245347698558
61	30	0.247127482567
61	31	0.248625342701
61	32	0.254514661816
61	33	0.256278798393
61	34	0.262826112819
61	35	0.264680936027
61	36	0.27565120654
61	37	0.280551835893
61	38	0.283572086979
61	39	0.290487188512
61	40	0.308343538943
61	41	0.311129788743
61	42	0.326501757522
61	43	0.341771050569
61	44	0.345272557638
61	45	0.346283100973
61	46	0.360527014628
61	47	0.36410568394
61	48	0.365248045486
61	49	0.369191493506
61	50	0.370325600461
61	51	0.372537285118
61	52	0.374729244967
61	53	0.379330991786
61	54	0.390134587513
61	55	0.392309302311
61	56	0.395036117343
61	57	0.426200677824
61	58	0.472183269322
61	59	0.478596005578
61	60	0.490361868286
61	61	0.5
61	62	0.600998343044
61	63	0.617753323213
62	0	0.0566600806608
62	1	0.0631493868594
62	2	0.0739300921134
62	3	0.0769269202483
62	4	0.0896649869135
62	5	0.100000768262
62	6	0.106784409254
62	7	0.107192320157
62	8	0.109821230476
62	9	0.109823776284
62	10	0.11763213605
62	11	0.118099806593
62	12	0.118282195817
62	13	0.1228505651
62	14	0.123914880836
62	15	0.12421509802
62	16	0.131606766998
62	17	0.134936950975
62	18	0.135181511921
62	19	0.145268044973
62	20	0.147174973979
62	21	0.148908405634
62	22	0.149473304415
62	23	0.156750091726
62	24	0.157027270486
62	25	0.158517171201
62	26	0.160750564968
62	27	0.164568495089
62	28	0.171370673621
62	29	0.177524897792
62	30	0.178929339393
62	31	0.180112733281
62	32	0.184778261162
62	33	0.186179746625
62	34	0.191397076447
62	35	0.192879703313
62	36	0.201690291213
62	37	0.205649329183
62	38	0.208096458653
62	39	0.213720088558
62	40	0.228376447752
62	41	0.230681101365
62	42	0.243483223967
62	43	0.256347796225
62	44	0.259318914607
62	45	0.260177858703
62	46	0.272355561472
62	47	0.275435994824
62	48	0.276421091775
62	49	0.279828293552
62	50	0.280810090484
62	51	0.282727207317
62	52	0.284630443828
62	53	0.288636508793
62	54	0.298097659042
62	55	0.30001171488
62	56	0.302416256
62	57	0.330262949179
62	58	0.37261643402
62	59	0.378647010589
62	60	0.389792644124
62	61	0.399001656956
62	62	0.5
62	63	0.517591852158
63	0	0.0530127474043
63	1	0.059110498067
63	2	0.0692526634154
63	3	0.0720746439455
63	4	0.0840824267671
63	5	0.0938410359574
63	6	0.100253371355
63	7	0.100639145257
63	8	0.103125901644
63	9	0.103128310085
63	10	0.11051973198
63	11	0.110962681495
63	12	0.111135437562
63	13	0.115463926678
63	14	0.116472746046
63	15	0.116757335405
63	16	0.123767932585
63	17	0.126928754735
63	18	0.127160935081
63	19	0.136743641077
63	20	0.13855681005
63	21	0.140205424535
63	22	0.140742767542
63	23	0.147668320234
63	24	0.147932257094
63	25	0.149351152019
63	26	0.151478650612
63	27	0.155117068759
63	28	0.161604155688
63	29	0.167478535423
63	30	0.168819811601
63	31	0.169950183155
63	32	0.174408464501
63	33	0.175748254297
63	34	0.180738182514
63	35	0.18215684203
63	36	0.190593282291
63	37	0.194387534468
63	38	0.196733843913
63	39	0.202128785199
63	40	0.216208822837
63	41	0.218425445195
63	42	0.230751422022
63	43	0.243159518788
63	44	0.246028353173
63	45	0.246857946417
63	46	0.258630152911
63	47	0.261611160384
63	48	0.26256472982
63	49	0.265863891655
63	50	0.266814845416
63	51	0.268672109464
63	52	0.270516414815
63	53	0.27440002785
63	54	0.283580552757
63	55	0.285439302214
63	56	0.287775064008
63	57	0.314882136894
63	58	0.356312546197
63	59	0.362231603406
63	60	0.373184248907
63	61	0.382246676787
63	62	0.482408147842
63	63	0.5
